scan_id,ticket_id,order_id,event_id,gate,scanned_at
SCN-6-00001,ORD-00376-T1,ORD-00376,EV-06,SIDE-A,2025-07-06 19:00:00
SCN-6-00002,ORD-00564-T1,ORD-00564,EV-06,MAIN-1,2025-07-06 19:00:00
SCN-6-00003,ORD-00586-T1,ORD-00586,EV-06,MAIN-2,2025-07-06 19:00:00
SCN-6-00004,ORD-01046-T2,ORD-01046,EV-06,SIDE-A,2025-07-06 19:00:00
SCN-6-00005,ORD-01101-T4,ORD-01101,EV-06,MAIN-1,2025-07-06 19:00:00
SCN-6-00006,ORD-01179-T2,ORD-01179,EV-06,MAIN-1,2025-07-06 19:00:00
SCN-6-00007,ORD-01273-T1,ORD-01273,EV-06,MAIN-1,2025-07-06 19:00:00
SCN-6-00008,ORD-02031-T1,ORD-02031,EV-06,MAIN-1,2025-07-06 19:00:00
SCN-6-00009,ORD-02677-T1,ORD-02677,EV-06,MAIN-2,2025-07-06 19:00:00
SCN-6-00010,ORD-02887-T1,ORD-02887,EV-06,MAIN-2,2025-07-06 19:00:00
SCN-6-00011,ORD-03335-T3,ORD-03335,EV-06,SIDE-A,2025-07-06 19:00:00
SCN-6-00012,ORD-03390-T2,ORD-03390,EV-06,MAIN-2,2025-07-06 19:00:00
SCN-6-00013,ORD-03415-T1,ORD-03415,EV-06,MAIN-2,2025-07-06 19:00:00
SCN-6-00014,ORD-03448-T2,ORD-03448,EV-06,MAIN-1,2025-07-06 19:00:00
SCN-6-00015,ORD-00437-T3,ORD-00437,EV-06,SIDE-A,2025-07-06 19:00:12
SCN-6-00016,ORD-00252-T2,ORD-00252,EV-06,MAIN-1,2025-07-06 19:00:33
SCN-6-00017,ORD-01923-T2,ORD-01923,EV-06,MAIN-1,2025-07-06 19:00:40
SCN-6-00018,ORD-03311-T4,ORD-03311,EV-06,SIDE-A,2025-07-06 19:00:45
SCN-6-00019,ORD-00439-T1,ORD-00439,EV-06,MAIN-1,2025-07-06 19:01:09
SCN-6-00020,ORD-01427-T2,ORD-01427,EV-06,MAIN-1,2025-07-06 19:01:45
SCN-6-00021,ORD-00364-T5,ORD-00364,EV-06,SIDE-A,2025-07-06 19:01:53
SCN-6-00022,ORD-01582-T1,ORD-01582,EV-06,SIDE-A,2025-07-06 19:02:25
SCN-6-00023,ORD-00616-T2,ORD-00616,EV-06,MAIN-1,2025-07-06 19:02:30
SCN-6-00024,ORD-03475-T1,ORD-03475,EV-06,MAIN-2,2025-07-06 19:02:40
SCN-6-00025,ORD-00214-T2,ORD-00214,EV-06,MAIN-2,2025-07-06 19:02:47
SCN-6-00026,ORD-00655-T3,ORD-00655,EV-06,SIDE-A,2025-07-06 19:02:51
SCN-6-00027,ORD-02631-T3,ORD-02631,EV-06,MAIN-1,2025-07-06 19:02:56
SCN-6-00028,ORD-00501-T2,ORD-00501,EV-06,MAIN-1,2025-07-06 19:03:05
SCN-6-00029,ORD-03132-T1,ORD-03132,EV-06,MAIN-1,2025-07-06 19:03:25
SCN-6-00030,ORD-02831-T1,ORD-02831,EV-06,MAIN-1,2025-07-06 19:03:49
SCN-6-00031,ORD-01510-T4,ORD-01510,EV-06,MAIN-1,2025-07-06 19:03:50
SCN-6-00032,ORD-00122-T1,ORD-00122,EV-06,MAIN-1,2025-07-06 19:03:51
SCN-6-00033,ORD-02890-T2,ORD-02890,EV-06,MAIN-2,2025-07-06 19:04:18
SCN-6-00034,ORD-01888-T1,ORD-01888,EV-06,MAIN-1,2025-07-06 19:04:25
SCN-6-00035,ORD-00296-T4,ORD-00296,EV-06,MAIN-2,2025-07-06 19:04:32
SCN-6-00036,ORD-01060-T4,ORD-01060,EV-06,MAIN-2,2025-07-06 19:04:50
SCN-6-00037,ORD-01903-T1,ORD-01903,EV-06,SIDE-A,2025-07-06 19:05:29
SCN-6-00038,ORD-00015-T2,ORD-00015,EV-06,MAIN-1,2025-07-06 19:05:35
SCN-6-00039,ORD-00296-T2,ORD-00296,EV-06,MAIN-2,2025-07-06 19:05:49
SCN-6-00040,ORD-01510-T2,ORD-01510,EV-06,MAIN-2,2025-07-06 19:05:59
SCN-6-00041,ORD-00671-T1,ORD-00671,EV-06,MAIN-1,2025-07-06 19:06:06
SCN-6-00042,ORD-00341-T4,ORD-00341,EV-06,MAIN-2,2025-07-06 19:06:19
SCN-6-00043,ORD-02401-T1,ORD-02401,EV-06,SIDE-A,2025-07-06 19:06:20
SCN-6-00044,ORD-00682-T4,ORD-00682,EV-06,MAIN-1,2025-07-06 19:06:26
SCN-6-00045,ORD-00827-T1,ORD-00827,EV-06,MAIN-2,2025-07-06 19:06:46
SCN-6-00046,ORD-01060-T2,ORD-01060,EV-06,SIDE-A,2025-07-06 19:06:58
SCN-6-00047,ORD-02792-T1,ORD-02792,EV-06,MAIN-1,2025-07-06 19:07:00
SCN-6-00048,ORD-03298-T1,ORD-03298,EV-06,MAIN-1,2025-07-06 19:07:45
SCN-6-00049,ORD-00212-T1,ORD-00212,EV-06,MAIN-1,2025-07-06 19:07:56
SCN-6-00050,ORD-02103-T1,ORD-02103,EV-06,MAIN-1,2025-07-06 19:08:28
SCN-6-00051,ORD-01422-T2,ORD-01422,EV-06,MAIN-2,2025-07-06 19:08:31
SCN-6-00052,ORD-01908-T1,ORD-01908,EV-06,MAIN-1,2025-07-06 19:08:44
SCN-6-00053,ORD-03048-T3,ORD-03048,EV-06,MAIN-2,2025-07-06 19:08:52
SCN-6-00054,ORD-03102-T1,ORD-03102,EV-06,MAIN-2,2025-07-06 19:09:00
SCN-6-00055,ORD-01484-T3,ORD-01484,EV-06,MAIN-1,2025-07-06 19:09:05
SCN-6-00056,ORD-00314-T2,ORD-00314,EV-06,MAIN-2,2025-07-06 19:09:07
SCN-6-00057,ORD-03318-T2,ORD-03318,EV-06,SIDE-A,2025-07-06 19:09:59
SCN-6-00058,ORD-01923-T1,ORD-01923,EV-06,SIDE-A,2025-07-06 19:10:21
SCN-6-00059,ORD-02518-T3,ORD-02518,EV-06,MAIN-1,2025-07-06 19:10:25
SCN-6-00060,ORD-02093-T2,ORD-02093,EV-06,MAIN-1,2025-07-06 19:10:26
SCN-6-00061,ORD-00024-T1,ORD-00024,EV-06,MAIN-1,2025-07-06 19:10:27
SCN-6-00062,ORD-03266-T1,ORD-03266,EV-06,MAIN-2,2025-07-06 19:10:45
SCN-6-00063,ORD-00965-T2,ORD-00965,EV-06,MAIN-2,2025-07-06 19:11:00
SCN-6-00064,ORD-00926-T1,ORD-00926,EV-06,MAIN-1,2025-07-06 19:11:05
SCN-6-00065,ORD-00089-T2,ORD-00089,EV-06,MAIN-1,2025-07-06 19:11:14
SCN-6-00066,ORD-01478-T2,ORD-01478,EV-06,MAIN-2,2025-07-06 19:11:28
SCN-6-00067,ORD-01271-T1,ORD-01271,EV-06,MAIN-1,2025-07-06 19:11:31
SCN-6-00068,ORD-00041-T1,ORD-00041,EV-06,MAIN-1,2025-07-06 19:11:46
SCN-6-00069,ORD-01980-T3,ORD-01980,EV-06,MAIN-1,2025-07-06 19:11:56
SCN-6-00070,ORD-01431-T4,ORD-01431,EV-06,SIDE-A,2025-07-06 19:12:01
SCN-6-00071,ORD-01471-T1,ORD-01471,EV-06,MAIN-2,2025-07-06 19:12:09
SCN-6-00072,ORD-02106-T1,ORD-02106,EV-06,MAIN-2,2025-07-06 19:12:16
SCN-6-00073,ORD-01245-T3,ORD-01245,EV-06,MAIN-1,2025-07-06 19:12:21
SCN-6-00074,ORD-03289-T6,ORD-03289,EV-06,MAIN-2,2025-07-06 19:12:25
SCN-6-00075,ORD-02889-T1,ORD-02889,EV-06,MAIN-2,2025-07-06 19:12:30
SCN-6-00076,ORD-01304-T2,ORD-01304,EV-06,MAIN-2,2025-07-06 19:12:35
SCN-6-00077,ORD-03035-T2,ORD-03035,EV-06,SIDE-A,2025-07-06 19:12:42
SCN-6-00078,ORD-00682-T1,ORD-00682,EV-06,MAIN-1,2025-07-06 19:12:57
SCN-6-00079,ORD-03375-T1,ORD-03375,EV-06,MAIN-1,2025-07-06 19:12:58
SCN-6-00080,ORD-00940-T2,ORD-00940,EV-06,MAIN-1,2025-07-06 19:13:01
SCN-6-00081,ORD-01452-T5,ORD-01452,EV-06,MAIN-1,2025-07-06 19:13:04
SCN-6-00082,ORD-02668-T1,ORD-02668,EV-06,MAIN-1,2025-07-06 19:13:04
SCN-6-00083,ORD-03485-T1,ORD-03485,EV-06,SIDE-A,2025-07-06 19:13:06
SCN-6-00084,ORD-02915-T3,ORD-02915,EV-06,MAIN-1,2025-07-06 19:13:10
SCN-6-00085,ORD-02868-T1,ORD-02868,EV-06,SIDE-A,2025-07-06 19:13:17
SCN-6-00086,ORD-03399-T1,ORD-03399,EV-06,SIDE-A,2025-07-06 19:13:20
SCN-6-00087,ORD-01269-T1,ORD-01269,EV-06,MAIN-1,2025-07-06 19:13:39
SCN-6-00088,ORD-00517-T1,ORD-00517,EV-06,MAIN-1,2025-07-06 19:13:54
SCN-6-00089,ORD-01552-T2,ORD-01552,EV-06,MAIN-2,2025-07-06 19:13:55
SCN-6-00090,ORD-02259-T2,ORD-02259,EV-06,MAIN-2,2025-07-06 19:13:56
SCN-6-00091,ORD-02276-T1,ORD-02276,EV-06,MAIN-2,2025-07-06 19:13:57
SCN-6-00092,ORD-03370-T2,ORD-03370,EV-06,MAIN-2,2025-07-06 19:14:09
SCN-6-00093,ORD-02642-T1,ORD-02642,EV-06,MAIN-2,2025-07-06 19:14:10
SCN-6-00094,ORD-00304-T1,ORD-00304,EV-06,MAIN-2,2025-07-06 19:14:25
SCN-6-00095,ORD-00864-T1,ORD-00864,EV-06,MAIN-2,2025-07-06 19:14:39
SCN-6-00096,ORD-03163-T2,ORD-03163,EV-06,MAIN-2,2025-07-06 19:14:47
SCN-6-00097,ORD-03429-T2,ORD-03429,EV-06,MAIN-1,2025-07-06 19:14:55
SCN-6-00098,ORD-01843-T1,ORD-01843,EV-06,MAIN-2,2025-07-06 19:15:01
SCN-6-00099,ORD-01500-T1,ORD-01500,EV-06,MAIN-1,2025-07-06 19:15:03
SCN-6-00100,ORD-00633-T2,ORD-00633,EV-06,MAIN-2,2025-07-06 19:15:25
SCN-6-00101,ORD-01993-T1,ORD-01993,EV-06,MAIN-1,2025-07-06 19:15:28
SCN-6-00102,ORD-03391-T1,ORD-03391,EV-06,MAIN-1,2025-07-06 19:15:28
SCN-6-00103,ORD-00390-T1,ORD-00390,EV-06,SIDE-A,2025-07-06 19:15:30
SCN-6-00104,ORD-00301-T3,ORD-00301,EV-06,MAIN-2,2025-07-06 19:15:44
SCN-6-00105,ORD-03067-T1,ORD-03067,EV-06,MAIN-2,2025-07-06 19:15:47
SCN-6-00106,ORD-02817-T3,ORD-02817,EV-06,MAIN-1,2025-07-06 19:15:49
SCN-6-00107,ORD-02962-T2,ORD-02962,EV-06,MAIN-1,2025-07-06 19:15:52
SCN-6-00108,ORD-03381-T1,ORD-03381,EV-06,MAIN-1,2025-07-06 19:16:09
SCN-6-00109,ORD-01516-T1,ORD-01516,EV-06,MAIN-1,2025-07-06 19:16:17
SCN-6-00110,ORD-01430-T6,ORD-01430,EV-06,SIDE-A,2025-07-06 19:16:18
SCN-6-00111,ORD-00671-T3,ORD-00671,EV-06,MAIN-2,2025-07-06 19:16:26
SCN-6-00112,ORD-00439-T2,ORD-00439,EV-06,MAIN-2,2025-07-06 19:16:30
SCN-6-00113,ORD-01552-T1,ORD-01552,EV-06,MAIN-2,2025-07-06 19:16:30
SCN-6-00114,ORD-01359-T3,ORD-01359,EV-06,MAIN-2,2025-07-06 19:16:40
SCN-6-00115,ORD-03408-T1,ORD-03408,EV-06,MAIN-2,2025-07-06 19:16:45
SCN-6-00116,ORD-03390-T1,ORD-03390,EV-06,MAIN-2,2025-07-06 19:16:52
SCN-6-00117,ORD-01821-T2,ORD-01821,EV-06,MAIN-2,2025-07-06 19:16:53
SCN-6-00118,ORD-03388-T1,ORD-03388,EV-06,MAIN-2,2025-07-06 19:16:58
SCN-6-00119,ORD-02260-T2,ORD-02260,EV-06,MAIN-1,2025-07-06 19:16:59
SCN-6-00120,ORD-02062-T2,ORD-02062,EV-06,MAIN-1,2025-07-06 19:17:03
SCN-6-00121,ORD-01388-T1,ORD-01388,EV-06,MAIN-2,2025-07-06 19:17:07
SCN-6-00122,ORD-01501-T1,ORD-01501,EV-06,MAIN-2,2025-07-06 19:17:16
SCN-6-00123,ORD-00042-T1,ORD-00042,EV-06,MAIN-1,2025-07-06 19:17:22
SCN-6-00124,ORD-02677-T2,ORD-02677,EV-06,MAIN-2,2025-07-06 19:17:28
SCN-6-00125,ORD-00794-T3,ORD-00794,EV-06,SIDE-A,2025-07-06 19:17:38
SCN-6-00126,ORD-02696-T1,ORD-02696,EV-06,MAIN-1,2025-07-06 19:17:41
SCN-6-00127,ORD-02494-T5,ORD-02494,EV-06,MAIN-2,2025-07-06 19:17:43
SCN-6-00128,ORD-03372-T1,ORD-03372,EV-06,MAIN-1,2025-07-06 19:17:54
SCN-6-00129,ORD-01337-T1,ORD-01337,EV-06,MAIN-1,2025-07-06 19:17:57
SCN-6-00130,ORD-00704-T2,ORD-00704,EV-06,MAIN-2,2025-07-06 19:18:00
SCN-6-00131,ORD-03261-T3,ORD-03261,EV-06,MAIN-2,2025-07-06 19:18:09
SCN-6-00132,ORD-00716-T1,ORD-00716,EV-06,SIDE-A,2025-07-06 19:18:11
SCN-6-00133,ORD-00549-T1,ORD-00549,EV-06,MAIN-1,2025-07-06 19:18:13
SCN-6-00134,ORD-01055-T2,ORD-01055,EV-06,MAIN-2,2025-07-06 19:18:13
SCN-6-00135,ORD-03031-T2,ORD-03031,EV-06,MAIN-2,2025-07-06 19:18:18
SCN-6-00136,ORD-03411-T1,ORD-03411,EV-06,MAIN-2,2025-07-06 19:18:18
SCN-6-00137,ORD-00671-T3,ORD-00671,EV-06,MAIN-2,2025-07-06 19:18:21
SCN-6-00138,ORD-00667-T2,ORD-00667,EV-06,SIDE-A,2025-07-06 19:18:27
SCN-6-00139,ORD-00390-T1,ORD-00390,EV-06,MAIN-2,2025-07-06 19:18:29
SCN-6-00140,ORD-00787-T1,ORD-00787,EV-06,MAIN-1,2025-07-06 19:18:37
SCN-6-00141,ORD-03318-T1,ORD-03318,EV-06,SIDE-A,2025-07-06 19:18:42
SCN-6-00142,ORD-00581-T2,ORD-00581,EV-06,MAIN-1,2025-07-06 19:18:48
SCN-6-00143,ORD-00766-T1,ORD-00766,EV-06,MAIN-2,2025-07-06 19:18:49
SCN-6-00144,ORD-01416-T3,ORD-01416,EV-06,MAIN-2,2025-07-06 19:18:50
SCN-6-00145,ORD-03184-T1,ORD-03184,EV-06,MAIN-1,2025-07-06 19:18:55
SCN-6-00146,ORD-01035-T1,ORD-01035,EV-06,MAIN-1,2025-07-06 19:19:01
SCN-6-00147,ORD-01269-T2,ORD-01269,EV-06,SIDE-A,2025-07-06 19:19:06
SCN-6-00148,ORD-03465-T2,ORD-03465,EV-06,SIDE-A,2025-07-06 19:19:06
SCN-6-00149,ORD-00186-T1,ORD-00186,EV-06,MAIN-2,2025-07-06 19:19:07
SCN-6-00150,ORD-00392-T2,ORD-00392,EV-06,MAIN-2,2025-07-06 19:19:08
SCN-6-00151,ORD-03303-T2,ORD-03303,EV-06,SIDE-A,2025-07-06 19:19:10
SCN-6-00152,ORD-03400-T1,ORD-03400,EV-06,MAIN-1,2025-07-06 19:19:16
SCN-6-00153,ORD-03221-T1,ORD-03221,EV-06,MAIN-1,2025-07-06 19:19:22
SCN-6-00154,ORD-02740-T2,ORD-02740,EV-06,MAIN-2,2025-07-06 19:19:30
SCN-6-00155,ORD-03279-T2,ORD-03279,EV-06,MAIN-1,2025-07-06 19:19:30
SCN-6-00156,ORD-02823-T1,ORD-02823,EV-06,MAIN-1,2025-07-06 19:19:36
SCN-6-00157,ORD-02592-T3,ORD-02592,EV-06,SIDE-A,2025-07-06 19:19:39
SCN-6-00158,ORD-02627-T1,ORD-02627,EV-06,MAIN-2,2025-07-06 19:19:39
SCN-6-00159,ORD-01490-T4,ORD-01490,EV-06,MAIN-1,2025-07-06 19:19:44
SCN-6-00160,ORD-03270-T1,ORD-03270,EV-06,MAIN-1,2025-07-06 19:19:44
SCN-6-00161,ORD-01142-T1,ORD-01142,EV-06,MAIN-2,2025-07-06 19:19:51
SCN-6-00162,ORD-02829-T2,ORD-02829,EV-06,MAIN-1,2025-07-06 19:19:58
SCN-6-00163,ORD-03391-T2,ORD-03391,EV-06,SIDE-A,2025-07-06 19:19:58
SCN-6-00164,ORD-03398-T1,ORD-03398,EV-06,MAIN-2,2025-07-06 19:20:00
SCN-6-00165,ORD-03261-T3,ORD-03261,EV-06,MAIN-1,2025-07-06 19:20:08
SCN-6-00166,ORD-01431-T3,ORD-01431,EV-06,MAIN-2,2025-07-06 19:20:11
SCN-6-00167,ORD-03416-T3,ORD-03416,EV-06,SIDE-A,2025-07-06 19:20:15
SCN-6-00168,ORD-01159-T1,ORD-01159,EV-06,MAIN-2,2025-07-06 19:20:30
SCN-6-00169,ORD-02746-T2,ORD-02746,EV-06,MAIN-2,2025-07-06 19:20:33
SCN-6-00170,ORD-00751-T2,ORD-00751,EV-06,MAIN-1,2025-07-06 19:20:40
SCN-6-00171,ORD-00072-T5,ORD-00072,EV-06,MAIN-1,2025-07-06 19:20:43
SCN-6-00172,ORD-00054-T1,ORD-00054,EV-06,MAIN-1,2025-07-06 19:20:46
SCN-6-00173,ORD-00053-T2,ORD-00053,EV-06,MAIN-2,2025-07-06 19:20:49
SCN-6-00174,ORD-01443-T3,ORD-01443,EV-06,SIDE-A,2025-07-06 19:20:51
SCN-6-00175,ORD-00388-T1,ORD-00388,EV-06,MAIN-1,2025-07-06 19:20:52
SCN-6-00176,ORD-02926-T1,ORD-02926,EV-06,SIDE-A,2025-07-06 19:20:56
SCN-6-00177,ORD-03436-T3,ORD-03436,EV-06,MAIN-2,2025-07-06 19:20:57
SCN-6-00178,ORD-00072-T6,ORD-00072,EV-06,MAIN-1,2025-07-06 19:21:00
SCN-6-00179,ORD-01955-T1,ORD-01955,EV-06,MAIN-2,2025-07-06 19:21:09
SCN-6-00180,ORD-03017-T1,ORD-03017,EV-06,SIDE-A,2025-07-06 19:21:17
SCN-6-00181,ORD-01085-T1,ORD-01085,EV-06,SIDE-A,2025-07-06 19:21:22
SCN-6-00182,ORD-02568-T1,ORD-02568,EV-06,MAIN-2,2025-07-06 19:21:37
SCN-6-00183,ORD-00766-T2,ORD-00766,EV-06,MAIN-2,2025-07-06 19:21:48
SCN-6-00184,ORD-03336-T1,ORD-03336,EV-06,MAIN-2,2025-07-06 19:21:53
SCN-6-00185,ORD-01745-T1,ORD-01745,EV-06,MAIN-2,2025-07-06 19:22:00
SCN-6-00186,ORD-03336-T2,ORD-03336,EV-06,MAIN-2,2025-07-06 19:22:00
SCN-6-00187,ORD-02062-T1,ORD-02062,EV-06,MAIN-2,2025-07-06 19:22:01
SCN-6-00188,ORD-03266-T4,ORD-03266,EV-06,MAIN-1,2025-07-06 19:22:05
SCN-6-00189,ORD-01544-T2,ORD-01544,EV-06,MAIN-1,2025-07-06 19:22:08
SCN-6-00190,ORD-02184-T2,ORD-02184,EV-06,MAIN-1,2025-07-06 19:22:09
SCN-6-00191,ORD-00364-T4,ORD-00364,EV-06,MAIN-2,2025-07-06 19:22:11
SCN-6-00192,ORD-01159-T2,ORD-01159,EV-06,SIDE-A,2025-07-06 19:22:14
SCN-6-00193,ORD-03375-T5,ORD-03375,EV-06,MAIN-2,2025-07-06 19:22:15
SCN-6-00194,ORD-03272-T3,ORD-03272,EV-06,MAIN-1,2025-07-06 19:22:18
SCN-6-00195,ORD-03221-T2,ORD-03221,EV-06,SIDE-A,2025-07-06 19:22:26
SCN-6-00196,ORD-03435-T2,ORD-03435,EV-06,SIDE-A,2025-07-06 19:22:26
SCN-6-00197,ORD-02875-T1,ORD-02875,EV-06,MAIN-2,2025-07-06 19:22:30
SCN-6-00198,ORD-03483-T1,ORD-03483,EV-06,MAIN-2,2025-07-06 19:22:32
SCN-6-00199,ORD-03375-T3,ORD-03375,EV-06,MAIN-1,2025-07-06 19:22:34
SCN-6-00200,ORD-00794-T4,ORD-00794,EV-06,SIDE-A,2025-07-06 19:22:42
SCN-6-00201,ORD-02792-T2,ORD-02792,EV-06,MAIN-1,2025-07-06 19:22:46
SCN-6-00202,ORD-01865-T1,ORD-01865,EV-06,MAIN-1,2025-07-06 19:22:49
SCN-6-00203,ORD-03012-T3,ORD-03012,EV-06,MAIN-1,2025-07-06 19:23:02
SCN-6-00204,ORD-01269-T4,ORD-01269,EV-06,MAIN-1,2025-07-06 19:23:03
SCN-6-00205,ORD-03017-T3,ORD-03017,EV-06,MAIN-2,2025-07-06 19:23:05
SCN-6-00206,ORD-03061-T3,ORD-03061,EV-06,MAIN-1,2025-07-06 19:23:07
SCN-6-00207,ORD-01304-T1,ORD-01304,EV-06,MAIN-1,2025-07-06 19:23:10
SCN-6-00208,ORD-01497-T1,ORD-01497,EV-06,SIDE-A,2025-07-06 19:23:17
SCN-6-00209,ORD-01923-T5,ORD-01923,EV-06,MAIN-1,2025-07-06 19:23:20
SCN-6-00210,ORD-01119-T1,ORD-01119,EV-06,MAIN-1,2025-07-06 19:23:24
SCN-6-00211,ORD-03207-T1,ORD-03207,EV-06,MAIN-2,2025-07-06 19:23:30
SCN-6-00212,ORD-00794-T1,ORD-00794,EV-06,SIDE-A,2025-07-06 19:23:36
SCN-6-00213,ORD-00533-T1,ORD-00533,EV-06,MAIN-2,2025-07-06 19:23:43
SCN-6-00214,ORD-00080-T4,ORD-00080,EV-06,MAIN-1,2025-07-06 19:23:50
SCN-6-00215,ORD-00744-T6,ORD-00744,EV-06,MAIN-1,2025-07-06 19:23:52
SCN-6-00216,ORD-03088-T3,ORD-03088,EV-06,MAIN-1,2025-07-06 19:23:53
SCN-6-00217,ORD-03144-T2,ORD-03144,EV-06,MAIN-1,2025-07-06 19:23:53
SCN-6-00218,ORD-01661-T1,ORD-01661,EV-06,MAIN-2,2025-07-06 19:23:55
SCN-6-00219,ORD-02230-T2,ORD-02230,EV-06,MAIN-1,2025-07-06 19:23:59
SCN-6-00220,ORD-01817-T2,ORD-01817,EV-06,MAIN-2,2025-07-06 19:24:04
SCN-6-00221,ORD-02185-T2,ORD-02185,EV-06,MAIN-2,2025-07-06 19:24:05
SCN-6-00222,ORD-02835-T1,ORD-02835,EV-06,MAIN-2,2025-07-06 19:24:07
SCN-6-00223,ORD-01817-T1,ORD-01817,EV-06,MAIN-1,2025-07-06 19:24:10
SCN-6-00224,ORD-03469-T2,ORD-03469,EV-06,MAIN-2,2025-07-06 19:24:10
SCN-6-00225,ORD-02257-T1,ORD-02257,EV-06,MAIN-2,2025-07-06 19:24:17
SCN-6-00226,ORD-00196-T2,ORD-00196,EV-06,MAIN-2,2025-07-06 19:24:18
SCN-6-00227,ORD-00296-T1,ORD-00296,EV-06,MAIN-2,2025-07-06 19:24:18
SCN-6-00228,ORD-01843-T2,ORD-01843,EV-06,MAIN-1,2025-07-06 19:24:30
SCN-6-00229,ORD-03385-T1,ORD-03385,EV-06,MAIN-2,2025-07-06 19:24:30
SCN-6-00230,ORD-02817-T1,ORD-02817,EV-06,MAIN-1,2025-07-06 19:24:32
SCN-6-00231,ORD-03420-T1,ORD-03420,EV-06,MAIN-1,2025-07-06 19:24:35
SCN-6-00232,ORD-02798-T1,ORD-02798,EV-06,MAIN-1,2025-07-06 19:24:38
SCN-6-00233,ORD-01455-T1,ORD-01455,EV-06,MAIN-1,2025-07-06 19:24:39
SCN-6-00234,ORD-00875-T3,ORD-00875,EV-06,MAIN-2,2025-07-06 19:24:53
SCN-6-00235,ORD-03483-T3,ORD-03483,EV-06,MAIN-2,2025-07-06 19:24:53
SCN-6-00236,ORD-00080-T2,ORD-00080,EV-06,MAIN-2,2025-07-06 19:24:57
SCN-6-00237,ORD-02494-T3,ORD-02494,EV-06,MAIN-2,2025-07-06 19:24:59
SCN-6-00238,ORD-03322-T2,ORD-03322,EV-06,MAIN-1,2025-07-06 19:25:03
SCN-6-00239,ORD-00712-T2,ORD-00712,EV-06,MAIN-1,2025-07-06 19:25:10
SCN-6-00240,ORD-01265-T1,ORD-01265,EV-06,MAIN-2,2025-07-06 19:25:13
SCN-6-00241,ORD-01132-T3,ORD-01132,EV-06,SIDE-A,2025-07-06 19:25:18
SCN-6-00242,ORD-03479-T2,ORD-03479,EV-06,MAIN-2,2025-07-06 19:25:18
SCN-6-00243,ORD-00741-T1,ORD-00741,EV-06,MAIN-2,2025-07-06 19:25:22
SCN-6-00244,ORD-00832-T1,ORD-00832,EV-06,MAIN-1,2025-07-06 19:25:22
SCN-6-00245,ORD-03386-T1,ORD-03386,EV-06,MAIN-1,2025-07-06 19:25:26
SCN-6-00246,ORD-01359-T1,ORD-01359,EV-06,SIDE-A,2025-07-06 19:25:28
SCN-6-00247,ORD-00940-T1,ORD-00940,EV-06,MAIN-1,2025-07-06 19:25:34
SCN-6-00248,ORD-02954-T1,ORD-02954,EV-06,MAIN-2,2025-07-06 19:25:38
SCN-6-00249,ORD-03088-T4,ORD-03088,EV-06,SIDE-A,2025-07-06 19:25:40
SCN-6-00250,ORD-02098-T3,ORD-02098,EV-06,MAIN-1,2025-07-06 19:25:43
SCN-6-00251,ORD-03030-T2,ORD-03030,EV-06,MAIN-2,2025-07-06 19:25:43
SCN-6-00252,ORD-03020-T2,ORD-03020,EV-06,MAIN-2,2025-07-06 19:25:46
SCN-6-00253,ORD-03372-T2,ORD-03372,EV-06,MAIN-1,2025-07-06 19:25:49
SCN-6-00254,ORD-03382-T1,ORD-03382,EV-06,MAIN-1,2025-07-06 19:25:53
SCN-6-00255,ORD-00401-T2,ORD-00401,EV-06,MAIN-1,2025-07-06 19:25:56
SCN-6-00256,ORD-01934-T2,ORD-01934,EV-06,SIDE-A,2025-07-06 19:25:56
SCN-6-00257,ORD-01980-T1,ORD-01980,EV-06,MAIN-1,2025-07-06 19:26:12
SCN-6-00258,ORD-02230-T1,ORD-02230,EV-06,SIDE-A,2025-07-06 19:26:12
SCN-6-00259,ORD-01416-T2,ORD-01416,EV-06,MAIN-1,2025-07-06 19:26:14
SCN-6-00260,ORD-00214-T1,ORD-00214,EV-06,MAIN-2,2025-07-06 19:26:15
SCN-6-00261,ORD-00314-T4,ORD-00314,EV-06,MAIN-1,2025-07-06 19:26:24
SCN-6-00262,ORD-03264-T1,ORD-03264,EV-06,MAIN-1,2025-07-06 19:26:25
SCN-6-00263,ORD-03361-T3,ORD-03361,EV-06,MAIN-2,2025-07-06 19:26:33
SCN-6-00264,ORD-00341-T1,ORD-00341,EV-06,MAIN-1,2025-07-06 19:26:34
SCN-6-00265,ORD-03262-T1,ORD-03262,EV-06,MAIN-2,2025-07-06 19:26:35
SCN-6-00266,ORD-00392-T1,ORD-00392,EV-06,MAIN-1,2025-07-06 19:26:36
SCN-6-00267,ORD-00521-T3,ORD-00521,EV-06,MAIN-2,2025-07-06 19:26:36
SCN-6-00268,ORD-01510-T6,ORD-01510,EV-06,MAIN-2,2025-07-06 19:26:36
SCN-6-00269,ORD-01511-T2,ORD-01511,EV-06,MAIN-1,2025-07-06 19:26:36
SCN-6-00270,ORD-00875-T1,ORD-00875,EV-06,MAIN-1,2025-07-06 19:26:37
SCN-6-00271,ORD-02642-T3,ORD-02642,EV-06,MAIN-1,2025-07-06 19:26:45
SCN-6-00272,ORD-01497-T2,ORD-01497,EV-06,MAIN-1,2025-07-06 19:26:48
SCN-6-00273,ORD-03240-T1,ORD-03240,EV-06,MAIN-1,2025-07-06 19:26:48
SCN-6-00274,ORD-01511-T1,ORD-01511,EV-06,SIDE-A,2025-07-06 19:26:56
SCN-6-00275,ORD-01452-T3,ORD-01452,EV-06,SIDE-A,2025-07-06 19:27:03
SCN-6-00276,ORD-03052-T3,ORD-03052,EV-06,MAIN-2,2025-07-06 19:27:04
SCN-6-00277,ORD-02764-T2,ORD-02764,EV-06,MAIN-1,2025-07-06 19:27:05
SCN-6-00278,ORD-03318-T3,ORD-03318,EV-06,MAIN-1,2025-07-06 19:27:05
SCN-6-00279,ORD-03455-T2,ORD-03455,EV-06,MAIN-2,2025-07-06 19:27:07
SCN-6-00280,ORD-00364-T2,ORD-00364,EV-06,MAIN-1,2025-07-06 19:27:08
SCN-6-00281,ORD-02962-T1,ORD-02962,EV-06,MAIN-2,2025-07-06 19:27:12
SCN-6-00282,ORD-03380-T1,ORD-03380,EV-06,MAIN-1,2025-07-06 19:27:13
SCN-6-00283,ORD-01937-T1,ORD-01937,EV-06,MAIN-1,2025-07-06 19:27:14
SCN-6-00284,ORD-02036-T1,ORD-02036,EV-06,MAIN-1,2025-07-06 19:27:15
SCN-6-00285,ORD-03461-T1,ORD-03461,EV-06,MAIN-2,2025-07-06 19:27:17
SCN-6-00286,ORD-01452-T2,ORD-01452,EV-06,MAIN-1,2025-07-06 19:27:21
SCN-6-00287,ORD-00810-T1,ORD-00810,EV-06,SIDE-A,2025-07-06 19:27:22
SCN-6-00288,ORD-00156-T1,ORD-00156,EV-06,MAIN-1,2025-07-06 19:27:28
SCN-6-00289,ORD-03436-T2,ORD-03436,EV-06,MAIN-1,2025-07-06 19:27:28
SCN-6-00290,ORD-01431-T2,ORD-01431,EV-06,MAIN-1,2025-07-06 19:27:29
SCN-6-00291,ORD-00053-T1,ORD-00053,EV-06,SIDE-A,2025-07-06 19:27:31
SCN-6-00292,ORD-00184-T1,ORD-00184,EV-06,SIDE-A,2025-07-06 19:27:31
SCN-6-00293,ORD-01923-T3,ORD-01923,EV-06,MAIN-1,2025-07-06 19:27:38
SCN-6-00294,ORD-00299-T1,ORD-00299,EV-06,MAIN-2,2025-07-06 19:27:41
SCN-6-00295,ORD-03048-T4,ORD-03048,EV-06,MAIN-2,2025-07-06 19:27:42
SCN-6-00296,ORD-01484-T2,ORD-01484,EV-06,MAIN-1,2025-07-06 19:28:00
SCN-6-00297,ORD-02283-T1,ORD-02283,EV-06,MAIN-1,2025-07-06 19:28:00
SCN-6-00298,ORD-00072-T3,ORD-00072,EV-06,MAIN-1,2025-07-06 19:28:03
SCN-6-00299,ORD-00178-T1,ORD-00178,EV-06,MAIN-1,2025-07-06 19:28:03
SCN-6-00300,ORD-02460-T1,ORD-02460,EV-06,MAIN-1,2025-07-06 19:28:05
SCN-6-00301,ORD-02957-T2,ORD-02957,EV-06,MAIN-1,2025-07-06 19:28:08
SCN-6-00302,ORD-03021-T2,ORD-03021,EV-06,MAIN-1,2025-07-06 19:28:16
SCN-6-00303,ORD-01511-T3,ORD-01511,EV-06,MAIN-2,2025-07-06 19:28:18
SCN-6-00304,ORD-01340-T2,ORD-01340,EV-06,MAIN-1,2025-07-06 19:28:20
SCN-6-00305,ORD-03157-T1,ORD-03157,EV-06,SIDE-A,2025-07-06 19:28:25
SCN-6-00306,ORD-02764-T1,ORD-02764,EV-06,SIDE-A,2025-07-06 19:28:31
SCN-6-00307,ORD-03163-T3,ORD-03163,EV-06,MAIN-1,2025-07-06 19:28:31
SCN-6-00308,ORD-01060-T1,ORD-01060,EV-06,SIDE-A,2025-07-06 19:28:37
SCN-6-00309,ORD-00638-T1,ORD-00638,EV-06,MAIN-2,2025-07-06 19:28:40
SCN-6-00310,ORD-01273-T2,ORD-01273,EV-06,MAIN-2,2025-07-06 19:28:45
SCN-6-00311,ORD-01012-T1,ORD-01012,EV-06,MAIN-1,2025-07-06 19:28:48
SCN-6-00312,ORD-02642-T4,ORD-02642,EV-06,SIDE-A,2025-07-06 19:28:52
SCN-6-00313,ORD-03061-T4,ORD-03061,EV-06,MAIN-2,2025-07-06 19:28:53
SCN-6-00314,ORD-03384-T2,ORD-03384,EV-06,SIDE-A,2025-07-06 19:28:55
SCN-6-00315,ORD-03464-T2,ORD-03464,EV-06,MAIN-1,2025-07-06 19:28:59
SCN-6-00316,ORD-01688-T1,ORD-01688,EV-06,MAIN-2,2025-07-06 19:29:02
SCN-6-00317,ORD-02139-T1,ORD-02139,EV-06,MAIN-2,2025-07-06 19:29:06
SCN-6-00318,ORD-02058-T1,ORD-02058,EV-06,SIDE-A,2025-07-06 19:29:07
SCN-6-00319,ORD-01427-T1,ORD-01427,EV-06,SIDE-A,2025-07-06 19:29:12
SCN-6-00320,ORD-02380-T3,ORD-02380,EV-06,MAIN-1,2025-07-06 19:29:16
SCN-6-00321,ORD-00556-T1,ORD-00556,EV-06,MAIN-1,2025-07-06 19:29:17
SCN-6-00322,ORD-02036-T3,ORD-02036,EV-06,MAIN-2,2025-07-06 19:29:19
SCN-6-00323,ORD-02494-T2,ORD-02494,EV-06,MAIN-1,2025-07-06 19:29:21
SCN-6-00324,ORD-01856-T2,ORD-01856,EV-06,MAIN-1,2025-07-06 19:29:22
SCN-6-00325,ORD-03233-T1,ORD-03233,EV-06,MAIN-1,2025-07-06 19:29:23
SCN-6-00326,ORD-03061-T1,ORD-03061,EV-06,MAIN-1,2025-07-06 19:29:28
SCN-6-00327,ORD-03011-T1,ORD-03011,EV-06,MAIN-1,2025-07-06 19:29:30
SCN-6-00328,ORD-02875-T2,ORD-02875,EV-06,SIDE-A,2025-07-06 19:29:34
SCN-6-00329,ORD-03254-T2,ORD-03254,EV-06,MAIN-2,2025-07-06 19:29:42
SCN-6-00330,ORD-03027-T2,ORD-03027,EV-06,SIDE-A,2025-07-06 19:29:43
SCN-6-00331,ORD-01955-T2,ORD-01955,EV-06,MAIN-1,2025-07-06 19:29:47
SCN-6-00332,ORD-03369-T1,ORD-03369,EV-06,MAIN-2,2025-07-06 19:29:47
SCN-6-00333,ORD-00329-T1,ORD-00329,EV-06,SIDE-A,2025-07-06 19:29:49
SCN-6-00334,ORD-02956-T1,ORD-02956,EV-06,SIDE-A,2025-07-06 19:29:59
SCN-6-00335,ORD-00558-T1,ORD-00558,EV-06,MAIN-2,2025-07-06 19:30:02
SCN-6-00336,ORD-03289-T2,ORD-03289,EV-06,MAIN-1,2025-07-06 19:30:08
SCN-6-00337,ORD-02489-T1,ORD-02489,EV-06,MAIN-2,2025-07-06 19:30:12
SCN-6-00338,ORD-00581-T1,ORD-00581,EV-06,MAIN-2,2025-07-06 19:30:15
SCN-6-00339,ORD-03198-T2,ORD-03198,EV-06,SIDE-A,2025-07-06 19:30:20
SCN-6-00340,ORD-03316-T1,ORD-03316,EV-06,MAIN-1,2025-07-06 19:30:22
SCN-6-00341,ORD-03361-T1,ORD-03361,EV-06,MAIN-2,2025-07-06 19:30:23
SCN-6-00342,ORD-03430-T1,ORD-03430,EV-06,MAIN-1,2025-07-06 19:30:23
SCN-6-00343,ORD-00952-T1,ORD-00952,EV-06,MAIN-2,2025-07-06 19:30:30
SCN-6-00344,ORD-03055-T1,ORD-03055,EV-06,MAIN-1,2025-07-06 19:30:30
SCN-6-00345,ORD-03439-T1,ORD-03439,EV-06,SIDE-A,2025-07-06 19:30:32
SCN-6-00346,ORD-02592-T4,ORD-02592,EV-06,MAIN-2,2025-07-06 19:30:35
SCN-6-00347,ORD-02283-T3,ORD-02283,EV-06,SIDE-A,2025-07-06 19:30:44
SCN-6-00348,ORD-00437-T2,ORD-00437,EV-06,MAIN-2,2025-07-06 19:30:50
SCN-6-00349,ORD-01505-T1,ORD-01505,EV-06,SIDE-A,2025-07-06 19:30:50
SCN-6-00350,ORD-03293-T2,ORD-03293,EV-06,MAIN-2,2025-07-06 19:30:50
SCN-6-00351,ORD-02494-T6,ORD-02494,EV-06,MAIN-1,2025-07-06 19:30:51
SCN-6-00352,ORD-01430-T2,ORD-01430,EV-06,SIDE-A,2025-07-06 19:30:52
SCN-6-00353,ORD-03280-T1,ORD-03280,EV-06,MAIN-2,2025-07-06 19:30:52
SCN-6-00354,ORD-01923-T4,ORD-01923,EV-06,MAIN-2,2025-07-06 19:30:54
SCN-6-00355,ORD-02259-T1,ORD-02259,EV-06,SIDE-A,2025-07-06 19:30:56
SCN-6-00356,ORD-00080-T5,ORD-00080,EV-06,MAIN-2,2025-07-06 19:31:04
SCN-6-00357,ORD-03322-T1,ORD-03322,EV-06,SIDE-A,2025-07-06 19:31:07
SCN-6-00358,ORD-00751-T1,ORD-00751,EV-06,MAIN-1,2025-07-06 19:31:11
SCN-6-00359,ORD-01807-T1,ORD-01807,EV-06,MAIN-1,2025-07-06 19:31:14
SCN-6-00360,ORD-02600-T1,ORD-02600,EV-06,MAIN-1,2025-07-06 19:31:17
SCN-6-00361,ORD-02952-T1,ORD-02952,EV-06,MAIN-1,2025-07-06 19:31:18
SCN-6-00362,ORD-03446-T1,ORD-03446,EV-06,SIDE-A,2025-07-06 19:31:19
SCN-6-00363,ORD-01500-T2,ORD-01500,EV-06,MAIN-2,2025-07-06 19:31:22
SCN-6-00364,ORD-02875-T2,ORD-02875,EV-06,MAIN-2,2025-07-06 19:31:24
SCN-6-00365,ORD-03446-T2,ORD-03446,EV-06,MAIN-2,2025-07-06 19:31:24
SCN-6-00366,ORD-00744-T3,ORD-00744,EV-06,MAIN-1,2025-07-06 19:31:25
SCN-6-00367,ORD-00554-T1,ORD-00554,EV-06,MAIN-1,2025-07-06 19:31:28
SCN-6-00368,ORD-02401-T2,ORD-02401,EV-06,SIDE-A,2025-07-06 19:31:29
SCN-6-00369,ORD-01340-T1,ORD-01340,EV-06,MAIN-1,2025-07-06 19:31:33
SCN-6-00370,ORD-02971-T4,ORD-02971,EV-06,MAIN-1,2025-07-06 19:31:40
SCN-6-00371,ORD-03376-T1,ORD-03376,EV-06,MAIN-1,2025-07-06 19:31:51
SCN-6-00372,ORD-02642-T2,ORD-02642,EV-06,SIDE-A,2025-07-06 19:31:52
SCN-6-00373,ORD-00735-T1,ORD-00735,EV-06,MAIN-2,2025-07-06 19:31:56
SCN-6-00374,ORD-01907-T3,ORD-01907,EV-06,MAIN-1,2025-07-06 19:31:56
SCN-6-00375,ORD-03066-T2,ORD-03066,EV-06,MAIN-2,2025-07-06 19:32:03
SCN-6-00376,ORD-02721-T2,ORD-02721,EV-06,MAIN-2,2025-07-06 19:32:11
SCN-6-00377,ORD-03266-T3,ORD-03266,EV-06,MAIN-2,2025-07-06 19:32:11
SCN-6-00378,ORD-01490-T3,ORD-01490,EV-06,MAIN-1,2025-07-06 19:32:12
SCN-6-00379,ORD-02802-T1,ORD-02802,EV-06,MAIN-1,2025-07-06 19:32:16
SCN-6-00380,ORD-03288-T4,ORD-03288,EV-06,MAIN-2,2025-07-06 19:32:17
SCN-6-00381,ORD-02445-T1,ORD-02445,EV-06,MAIN-2,2025-07-06 19:32:18
SCN-6-00382,ORD-00314-T3,ORD-00314,EV-06,MAIN-2,2025-07-06 19:32:19
SCN-6-00383,ORD-01333-T1,ORD-01333,EV-06,MAIN-1,2025-07-06 19:32:19
SCN-6-00384,ORD-00437-T4,ORD-00437,EV-06,MAIN-1,2025-07-06 19:32:22
SCN-6-00385,ORD-00389-T1,ORD-00389,EV-06,MAIN-1,2025-07-06 19:32:25
SCN-6-00386,ORD-01132-T2,ORD-01132,EV-06,MAIN-2,2025-07-06 19:32:25
SCN-6-00387,ORD-01746-T1,ORD-01746,EV-06,MAIN-2,2025-07-06 19:32:28
SCN-6-00388,ORD-02805-T2,ORD-02805,EV-06,MAIN-2,2025-07-06 19:32:28
SCN-6-00389,ORD-00564-T4,ORD-00564,EV-06,MAIN-2,2025-07-06 19:32:30
SCN-6-00390,ORD-01331-T2,ORD-01331,EV-06,MAIN-2,2025-07-06 19:32:38
SCN-6-00391,ORD-03035-T1,ORD-03035,EV-06,MAIN-2,2025-07-06 19:32:42
SCN-6-00392,ORD-00744-T5,ORD-00744,EV-06,MAIN-1,2025-07-06 19:32:45
SCN-6-00393,ORD-01416-T5,ORD-01416,EV-06,SIDE-A,2025-07-06 19:32:45
SCN-6-00394,ORD-02755-T3,ORD-02755,EV-06,MAIN-1,2025-07-06 19:32:46
SCN-6-00395,ORD-02031-T2,ORD-02031,EV-06,MAIN-1,2025-07-06 19:32:50
SCN-6-00396,ORD-03278-T1,ORD-03278,EV-06,MAIN-2,2025-07-06 19:32:50
SCN-6-00397,ORD-01317-T1,ORD-01317,EV-06,MAIN-1,2025-07-06 19:32:56
SCN-6-00398,ORD-01061-T1,ORD-01061,EV-06,MAIN-2,2025-07-06 19:32:57
SCN-6-00399,ORD-03272-T1,ORD-03272,EV-06,MAIN-2,2025-07-06 19:33:02
SCN-6-00400,ORD-03012-T2,ORD-03012,EV-06,SIDE-A,2025-07-06 19:33:09
SCN-6-00401,ORD-03021-T1,ORD-03021,EV-06,SIDE-A,2025-07-06 19:33:10
SCN-6-00402,ORD-03448-T1,ORD-03448,EV-06,MAIN-1,2025-07-06 19:33:10
SCN-6-00403,ORD-01431-T1,ORD-01431,EV-06,MAIN-1,2025-07-06 19:33:12
SCN-6-00404,ORD-03233-T3,ORD-03233,EV-06,MAIN-1,2025-07-06 19:33:18
SCN-6-00405,ORD-01766-T2,ORD-01766,EV-06,SIDE-A,2025-07-06 19:33:22
SCN-6-00406,ORD-00682-T2,ORD-00682,EV-06,MAIN-1,2025-07-06 19:33:24
SCN-6-00407,ORD-01279-T1,ORD-01279,EV-06,MAIN-2,2025-07-06 19:33:25
SCN-6-00408,ORD-01379-T2,ORD-01379,EV-06,MAIN-2,2025-07-06 19:33:28
SCN-6-00409,ORD-02755-T2,ORD-02755,EV-06,MAIN-2,2025-07-06 19:33:30
SCN-6-00410,ORD-01012-T3,ORD-01012,EV-06,SIDE-A,2025-07-06 19:33:31
SCN-6-00411,ORD-01505-T2,ORD-01505,EV-06,SIDE-A,2025-07-06 19:33:31
SCN-6-00412,ORD-03107-T1,ORD-03107,EV-06,SIDE-A,2025-07-06 19:33:32
SCN-6-00413,ORD-01416-T4,ORD-01416,EV-06,SIDE-A,2025-07-06 19:33:33
SCN-6-00414,ORD-03311-T1,ORD-03311,EV-06,SIDE-A,2025-07-06 19:33:34
SCN-6-00415,ORD-03144-T1,ORD-03144,EV-06,MAIN-2,2025-07-06 19:33:36
SCN-6-00416,ORD-03469-T1,ORD-03469,EV-06,MAIN-1,2025-07-06 19:33:36
SCN-6-00417,ORD-02721-T2,ORD-02721,EV-06,SIDE-A,2025-07-06 19:33:37
SCN-6-00418,ORD-03052-T1,ORD-03052,EV-06,MAIN-1,2025-07-06 19:33:37
SCN-6-00419,ORD-00633-T1,ORD-00633,EV-06,MAIN-1,2025-07-06 19:33:48
SCN-6-00420,ORD-02631-T2,ORD-02631,EV-06,SIDE-A,2025-07-06 19:33:52
SCN-6-00421,ORD-00423-T1,ORD-00423,EV-06,MAIN-1,2025-07-06 19:33:53
SCN-6-00422,ORD-01261-T3,ORD-01261,EV-06,MAIN-1,2025-07-06 19:34:01
SCN-6-00423,ORD-02959-T1,ORD-02959,EV-06,SIDE-A,2025-07-06 19:34:03
SCN-6-00424,ORD-03335-T2,ORD-03335,EV-06,MAIN-1,2025-07-06 19:34:07
SCN-6-00425,ORD-03207-T2,ORD-03207,EV-06,MAIN-1,2025-07-06 19:34:08
SCN-6-00426,ORD-02380-T6,ORD-02380,EV-06,MAIN-1,2025-07-06 19:34:14
SCN-6-00427,ORD-02533-T1,ORD-02533,EV-06,MAIN-1,2025-07-06 19:34:24
SCN-6-00428,ORD-03375-T2,ORD-03375,EV-06,MAIN-1,2025-07-06 19:34:30
SCN-6-00429,ORD-01511-T5,ORD-01511,EV-06,MAIN-1,2025-07-06 19:34:32
SCN-6-00430,ORD-02971-T3,ORD-02971,EV-06,MAIN-1,2025-07-06 19:34:33
SCN-6-00431,ORD-01245-T2,ORD-01245,EV-06,MAIN-2,2025-07-06 19:34:35
SCN-6-00432,ORD-03439-T2,ORD-03439,EV-06,MAIN-1,2025-07-06 19:34:35
SCN-6-00433,ORD-00047-T1,ORD-00047,EV-06,MAIN-1,2025-07-06 19:34:39
SCN-6-00434,ORD-00301-T2,ORD-00301,EV-06,MAIN-1,2025-07-06 19:34:44
SCN-6-00435,ORD-01136-T2,ORD-01136,EV-06,SIDE-A,2025-07-06 19:34:44
SCN-6-00436,ORD-02259-T3,ORD-02259,EV-06,MAIN-1,2025-07-06 19:34:47
SCN-6-00437,ORD-03379-T1,ORD-03379,EV-06,SIDE-A,2025-07-06 19:34:48
SCN-6-00438,ORD-03386-T2,ORD-03386,EV-06,MAIN-2,2025-07-06 19:34:48
SCN-6-00439,ORD-02799-T2,ORD-02799,EV-06,MAIN-2,2025-07-06 19:34:56
SCN-6-00440,ORD-01765-T1,ORD-01765,EV-06,MAIN-2,2025-07-06 19:35:03
SCN-6-00441,ORD-01624-T1,ORD-01624,EV-06,MAIN-1,2025-07-06 19:35:09
SCN-6-00442,ORD-01633-T3,ORD-01633,EV-06,MAIN-1,2025-07-06 19:35:09
SCN-6-00443,ORD-01907-T4,ORD-01907,EV-06,MAIN-1,2025-07-06 19:35:09
SCN-6-00444,ORD-03484-T2,ORD-03484,EV-06,MAIN-1,2025-07-06 19:35:13
SCN-6-00445,ORD-01132-T1,ORD-01132,EV-06,MAIN-1,2025-07-06 19:35:15
SCN-6-00446,ORD-02022-T3,ORD-02022,EV-06,MAIN-1,2025-07-06 19:35:15
SCN-6-00447,ORD-02036-T4,ORD-02036,EV-06,MAIN-1,2025-07-06 19:35:18
SCN-6-00448,ORD-00314-T1,ORD-00314,EV-06,MAIN-1,2025-07-06 19:35:19
SCN-6-00449,ORD-01060-T3,ORD-01060,EV-06,MAIN-1,2025-07-06 19:35:23
SCN-6-00450,ORD-00720-T2,ORD-00720,EV-06,MAIN-1,2025-07-06 19:35:25
SCN-6-00451,ORD-01484-T1,ORD-01484,EV-06,MAIN-1,2025-07-06 19:35:25
SCN-6-00452,ORD-00042-T2,ORD-00042,EV-06,MAIN-1,2025-07-06 19:35:31
SCN-6-00453,ORD-00357-T1,ORD-00357,EV-06,MAIN-2,2025-07-06 19:35:31
SCN-6-00454,ORD-00364-T1,ORD-00364,EV-06,MAIN-1,2025-07-06 19:35:36
SCN-6-00455,ORD-00375-T3,ORD-00375,EV-06,SIDE-A,2025-07-06 19:35:37
SCN-6-00456,ORD-02031-T2,ORD-02031,EV-06,MAIN-1,2025-07-06 19:35:46
SCN-6-00457,ORD-01443-T1,ORD-01443,EV-06,MAIN-2,2025-07-06 19:35:49
SCN-6-00458,ORD-02689-T3,ORD-02689,EV-06,SIDE-A,2025-07-06 19:35:49
SCN-6-00459,ORD-02689-T1,ORD-02689,EV-06,MAIN-1,2025-07-06 19:35:52
SCN-6-00460,ORD-02689-T2,ORD-02689,EV-06,SIDE-A,2025-07-06 19:35:52
SCN-6-00461,ORD-03052-T2,ORD-03052,EV-06,MAIN-2,2025-07-06 19:35:54
SCN-6-00462,ORD-02792-T3,ORD-02792,EV-06,SIDE-A,2025-07-06 19:35:55
SCN-6-00463,ORD-02098-T1,ORD-02098,EV-06,MAIN-2,2025-07-06 19:35:59
SCN-6-00464,ORD-00072-T1,ORD-00072,EV-06,MAIN-2,2025-07-06 19:36:03
SCN-6-00465,ORD-03316-T2,ORD-03316,EV-06,SIDE-A,2025-07-06 19:36:04
SCN-6-00466,ORD-00459-T2,ORD-00459,EV-06,MAIN-1,2025-07-06 19:36:05
SCN-6-00467,ORD-00437-T1,ORD-00437,EV-06,MAIN-1,2025-07-06 19:36:10
SCN-6-00468,ORD-01510-T3,ORD-01510,EV-06,MAIN-1,2025-07-06 19:36:18
SCN-6-00469,ORD-03303-T1,ORD-03303,EV-06,MAIN-2,2025-07-06 19:36:21
SCN-6-00470,ORD-02296-T1,ORD-02296,EV-06,MAIN-2,2025-07-06 19:36:23
SCN-6-00471,ORD-02022-T1,ORD-02022,EV-06,MAIN-1,2025-07-06 19:36:25
SCN-6-00472,ORD-01661-T3,ORD-01661,EV-06,MAIN-1,2025-07-06 19:36:55
SCN-6-00473,ORD-00744-T4,ORD-00744,EV-06,MAIN-2,2025-07-06 19:36:58
SCN-6-00474,ORD-02184-T1,ORD-02184,EV-06,MAIN-1,2025-07-06 19:37:00
SCN-6-00475,ORD-01159-T4,ORD-01159,EV-06,MAIN-1,2025-07-06 19:37:03
SCN-6-00476,ORD-00080-T3,ORD-00080,EV-06,MAIN-1,2025-07-06 19:37:04
SCN-6-00477,ORD-02915-T2,ORD-02915,EV-06,SIDE-A,2025-07-06 19:37:10
SCN-6-00478,ORD-02831-T2,ORD-02831,EV-06,MAIN-1,2025-07-06 19:37:13
SCN-6-00479,ORD-00169-T1,ORD-00169,EV-06,MAIN-1,2025-07-06 19:37:18
SCN-6-00480,ORD-03031-T1,ORD-03031,EV-06,MAIN-2,2025-07-06 19:37:18
SCN-6-00481,ORD-00667-T1,ORD-00667,EV-06,MAIN-1,2025-07-06 19:37:20
SCN-6-00482,ORD-03321-T1,ORD-03321,EV-06,MAIN-1,2025-07-06 19:37:24
SCN-6-00483,ORD-00549-T3,ORD-00549,EV-06,MAIN-2,2025-07-06 19:37:27
SCN-6-00484,ORD-02568-T2,ORD-02568,EV-06,MAIN-2,2025-07-06 19:37:27
SCN-6-00485,ORD-00047-T1,ORD-00047,EV-06,MAIN-2,2025-07-06 19:37:29
SCN-6-00486,ORD-03099-T1,ORD-03099,EV-06,SIDE-A,2025-07-06 19:37:30
SCN-6-00487,ORD-03020-T1,ORD-03020,EV-06,MAIN-1,2025-07-06 19:37:37
SCN-6-00488,ORD-01181-T1,ORD-01181,EV-06,MAIN-2,2025-07-06 19:37:40
SCN-6-00489,ORD-00744-T2,ORD-00744,EV-06,MAIN-1,2025-07-06 19:37:45
SCN-6-00490,ORD-01960-T1,ORD-01960,EV-06,MAIN-1,2025-07-06 19:37:47
SCN-6-00491,ORD-00720-T3,ORD-00720,EV-06,MAIN-1,2025-07-06 19:37:51
SCN-6-00492,ORD-02673-T2,ORD-02673,EV-06,SIDE-A,2025-07-06 19:37:53
SCN-6-00493,ORD-00120-T3,ORD-00120,EV-06,MAIN-1,2025-07-06 19:38:00
SCN-6-00494,ORD-01818-T1,ORD-01818,EV-06,MAIN-1,2025-07-06 19:38:02
SCN-6-00495,ORD-02971-T2,ORD-02971,EV-06,MAIN-2,2025-07-06 19:38:08
SCN-6-00496,ORD-03114-T1,ORD-03114,EV-06,SIDE-A,2025-07-06 19:38:09
SCN-6-00497,ORD-00096-T2,ORD-00096,EV-06,MAIN-1,2025-07-06 19:38:11
SCN-6-00498,ORD-03398-T2,ORD-03398,EV-06,SIDE-A,2025-07-06 19:38:13
SCN-6-00499,ORD-00156-T2,ORD-00156,EV-06,MAIN-1,2025-07-06 19:38:16
SCN-6-00500,ORD-00989-T1,ORD-00989,EV-06,MAIN-2,2025-07-06 19:38:20
SCN-6-00501,ORD-03279-T1,ORD-03279,EV-06,SIDE-A,2025-07-06 19:38:23
SCN-6-00502,ORD-00186-T2,ORD-00186,EV-06,MAIN-2,2025-07-06 19:38:24
SCN-6-00503,ORD-02564-T3,ORD-02564,EV-06,MAIN-1,2025-07-06 19:38:32
SCN-6-00504,ORD-01287-T1,ORD-01287,EV-06,MAIN-1,2025-07-06 19:38:36
SCN-6-00505,ORD-00744-T1,ORD-00744,EV-06,MAIN-2,2025-07-06 19:38:39
SCN-6-00506,ORD-01267-T2,ORD-01267,EV-06,MAIN-2,2025-07-06 19:38:44
SCN-6-00507,ORD-03229-T1,ORD-03229,EV-06,SIDE-A,2025-07-06 19:38:44
SCN-6-00508,ORD-00564-T3,ORD-00564,EV-06,SIDE-A,2025-07-06 19:38:47
SCN-6-00509,ORD-00644-T1,ORD-00644,EV-06,SIDE-A,2025-07-06 19:38:47
SCN-6-00510,ORD-02845-T1,ORD-02845,EV-06,MAIN-1,2025-07-06 19:38:51
SCN-6-00511,ORD-02805-T1,ORD-02805,EV-06,MAIN-2,2025-07-06 19:38:52
SCN-6-00512,ORD-01470-T1,ORD-01470,EV-06,MAIN-2,2025-07-06 19:38:53
SCN-6-00513,ORD-00524-T2,ORD-00524,EV-06,MAIN-1,2025-07-06 19:38:56
SCN-6-00514,ORD-02518-T1,ORD-02518,EV-06,MAIN-1,2025-07-06 19:38:57
SCN-6-00515,ORD-02380-T1,ORD-02380,EV-06,MAIN-2,2025-07-06 19:38:58
SCN-6-00516,ORD-03436-T1,ORD-03436,EV-06,MAIN-2,2025-07-06 19:39:01
SCN-6-00517,ORD-03335-T1,ORD-03335,EV-06,SIDE-A,2025-07-06 19:39:04
SCN-6-00518,ORD-00694-T1,ORD-00694,EV-06,MAIN-2,2025-07-06 19:39:07
SCN-6-00519,ORD-00989-T2,ORD-00989,EV-06,MAIN-2,2025-07-06 19:39:14
SCN-6-00520,ORD-01101-T2,ORD-01101,EV-06,MAIN-1,2025-07-06 19:39:21
SCN-6-00521,ORD-02631-T1,ORD-02631,EV-06,MAIN-2,2025-07-06 19:39:21
SCN-6-00522,ORD-01200-T1,ORD-01200,EV-06,MAIN-1,2025-07-06 19:39:22
SCN-6-00523,ORD-01388-T2,ORD-01388,EV-06,MAIN-2,2025-07-06 19:39:22
SCN-6-00524,ORD-00146-T1,ORD-00146,EV-06,SIDE-A,2025-07-06 19:39:23
SCN-6-00525,ORD-00191-T2,ORD-00191,EV-06,MAIN-2,2025-07-06 19:39:26
SCN-6-00526,ORD-00375-T2,ORD-00375,EV-06,SIDE-A,2025-07-06 19:39:26
SCN-6-00527,ORD-01269-T5,ORD-01269,EV-06,SIDE-A,2025-07-06 19:39:27
SCN-6-00528,ORD-00072-T4,ORD-00072,EV-06,MAIN-1,2025-07-06 19:39:29
SCN-6-00529,ORD-01490-T1,ORD-01490,EV-06,MAIN-1,2025-07-06 19:39:39
SCN-6-00530,ORD-01317-T3,ORD-01317,EV-06,MAIN-1,2025-07-06 19:39:48
SCN-6-00531,ORD-03311-T3,ORD-03311,EV-06,MAIN-2,2025-07-06 19:39:48
SCN-6-00532,ORD-00850-T4,ORD-00850,EV-06,SIDE-A,2025-07-06 19:39:49
SCN-6-00533,ORD-01430-T3,ORD-01430,EV-06,MAIN-2,2025-07-06 19:39:52
SCN-6-00534,ORD-01436-T1,ORD-01436,EV-06,MAIN-2,2025-07-06 19:40:01
SCN-6-00535,ORD-03262-T2,ORD-03262,EV-06,MAIN-1,2025-07-06 19:40:06
SCN-6-00536,ORD-01157-T3,ORD-01157,EV-06,MAIN-2,2025-07-06 19:40:16
SCN-6-00537,ORD-03082-T1,ORD-03082,EV-06,MAIN-2,2025-07-06 19:40:17
SCN-6-00538,ORD-02764-T3,ORD-02764,EV-06,MAIN-2,2025-07-06 19:40:19
SCN-6-00539,ORD-00401-T1,ORD-00401,EV-06,MAIN-2,2025-07-06 19:40:29
SCN-6-00540,ORD-00655-T1,ORD-00655,EV-06,MAIN-1,2025-07-06 19:40:30
SCN-6-00541,ORD-00517-T2,ORD-00517,EV-06,MAIN-1,2025-07-06 19:40:39
SCN-6-00542,ORD-03351-T2,ORD-03351,EV-06,MAIN-2,2025-07-06 19:40:47
SCN-6-00543,ORD-00832-T3,ORD-00832,EV-06,MAIN-1,2025-07-06 19:40:48
SCN-6-00544,ORD-01821-T4,ORD-01821,EV-06,MAIN-2,2025-07-06 19:40:58
SCN-6-00545,ORD-01478-T4,ORD-01478,EV-06,MAIN-2,2025-07-06 19:41:06
SCN-6-00546,ORD-01132-T5,ORD-01132,EV-06,MAIN-2,2025-07-06 19:41:07
SCN-6-00547,ORD-01277-T1,ORD-01277,EV-06,MAIN-1,2025-07-06 19:41:11
SCN-6-00548,ORD-03066-T1,ORD-03066,EV-06,MAIN-1,2025-07-06 19:41:14
SCN-6-00549,ORD-02642-T5,ORD-02642,EV-06,MAIN-2,2025-07-06 19:41:19
SCN-6-00550,ORD-00852-T1,ORD-00852,EV-06,MAIN-1,2025-07-06 19:41:21
SCN-6-00551,ORD-00072-T2,ORD-00072,EV-06,MAIN-2,2025-07-06 19:41:22
SCN-6-00552,ORD-03435-T1,ORD-03435,EV-06,MAIN-1,2025-07-06 19:41:24
SCN-6-00553,ORD-00265-T2,ORD-00265,EV-06,MAIN-2,2025-07-06 19:41:25
SCN-6-00554,ORD-00341-T3,ORD-00341,EV-06,MAIN-2,2025-07-06 19:41:28
SCN-6-00555,ORD-01531-T1,ORD-01531,EV-06,MAIN-2,2025-07-06 19:41:48
SCN-6-00556,ORD-02805-T1,ORD-02805,EV-06,MAIN-2,2025-07-06 19:41:49
SCN-6-00557,ORD-02275-T1,ORD-02275,EV-06,MAIN-2,2025-07-06 19:41:52
SCN-6-00558,ORD-02670-T1,ORD-02670,EV-06,SIDE-A,2025-07-06 19:41:54
SCN-6-00559,ORD-01907-T1,ORD-01907,EV-06,MAIN-1,2025-07-06 19:41:59
SCN-6-00560,ORD-03483-T2,ORD-03483,EV-06,SIDE-A,2025-07-06 19:42:07
SCN-6-00561,ORD-02721-T1,ORD-02721,EV-06,MAIN-2,2025-07-06 19:42:11
SCN-6-00562,ORD-03193-T1,ORD-03193,EV-06,MAIN-1,2025-07-06 19:42:20
SCN-6-00563,ORD-03478-T2,ORD-03478,EV-06,MAIN-2,2025-07-06 19:42:28
SCN-6-00564,ORD-01132-T4,ORD-01132,EV-06,MAIN-1,2025-07-06 19:42:35
SCN-6-00565,ORD-02887-T2,ORD-02887,EV-06,MAIN-2,2025-07-06 19:42:39
SCN-6-00566,ORD-02380-T5,ORD-02380,EV-06,MAIN-2,2025-07-06 19:42:40
SCN-6-00567,ORD-00852-T1,ORD-00852,EV-06,MAIN-1,2025-07-06 19:42:41
SCN-6-00568,ORD-00850-T1,ORD-00850,EV-06,MAIN-1,2025-07-06 19:42:42
SCN-6-00569,ORD-01101-T3,ORD-01101,EV-06,MAIN-2,2025-07-06 19:42:47
SCN-6-00570,ORD-03370-T4,ORD-03370,EV-06,MAIN-2,2025-07-06 19:42:57
SCN-6-00571,ORD-02835-T2,ORD-02835,EV-06,MAIN-2,2025-07-06 19:43:04
SCN-6-00572,ORD-01055-T1,ORD-01055,EV-06,MAIN-2,2025-07-06 19:43:08
SCN-6-00573,ORD-03400-T3,ORD-03400,EV-06,MAIN-1,2025-07-06 19:43:13
SCN-6-00574,ORD-02693-T4,ORD-02693,EV-06,MAIN-1,2025-07-06 19:43:14
SCN-6-00575,ORD-01510-T1,ORD-01510,EV-06,SIDE-A,2025-07-06 19:43:16
SCN-6-00576,ORD-02875-T3,ORD-02875,EV-06,MAIN-1,2025-07-06 19:43:16
SCN-6-00577,ORD-00296-T3,ORD-00296,EV-06,MAIN-1,2025-07-06 19:43:29
SCN-6-00578,ORD-03248-T1,ORD-03248,EV-06,MAIN-2,2025-07-06 19:43:43
SCN-6-00579,ORD-03398-T3,ORD-03398,EV-06,MAIN-1,2025-07-06 19:43:43
SCN-6-00580,ORD-00875-T2,ORD-00875,EV-06,MAIN-2,2025-07-06 19:43:47
SCN-6-00581,ORD-02494-T1,ORD-02494,EV-06,MAIN-1,2025-07-06 19:43:51
SCN-6-00582,ORD-03455-T1,ORD-03455,EV-06,MAIN-2,2025-07-06 19:43:54
SCN-6-00583,ORD-01500-T3,ORD-01500,EV-06,MAIN-1,2025-07-06 19:44:00
SCN-6-00584,ORD-01742-T1,ORD-01742,EV-06,MAIN-2,2025-07-06 19:44:01
SCN-6-00585,ORD-00521-T1,ORD-00521,EV-06,MAIN-2,2025-07-06 19:44:07
SCN-6-00586,ORD-02689-T4,ORD-02689,EV-06,MAIN-1,2025-07-06 19:44:11
SCN-6-00587,ORD-00376-T2,ORD-00376,EV-06,MAIN-1,2025-07-06 19:44:13
SCN-6-00588,ORD-00850-T2,ORD-00850,EV-06,MAIN-1,2025-07-06 19:44:20
SCN-6-00589,ORD-03286-T2,ORD-03286,EV-06,MAIN-1,2025-07-06 19:44:20
SCN-6-00590,ORD-00015-T1,ORD-00015,EV-06,MAIN-1,2025-07-06 19:44:32
SCN-6-00591,ORD-01768-T1,ORD-01768,EV-06,SIDE-A,2025-07-06 19:44:32
SCN-6-00592,ORD-01168-T1,ORD-01168,EV-06,SIDE-A,2025-07-06 19:44:41
SCN-6-00593,ORD-03332-T1,ORD-03332,EV-06,MAIN-1,2025-07-06 19:44:44
SCN-6-00594,ORD-02417-T2,ORD-02417,EV-06,MAIN-1,2025-07-06 19:44:48
SCN-6-00595,ORD-01100-T2,ORD-01100,EV-06,SIDE-A,2025-07-06 19:44:50
SCN-6-00596,ORD-02090-T2,ORD-02090,EV-06,MAIN-2,2025-07-06 19:44:56
SCN-6-00597,ORD-01731-T1,ORD-01731,EV-06,MAIN-1,2025-07-06 19:44:57
SCN-6-00598,ORD-00751-T3,ORD-00751,EV-06,MAIN-2,2025-07-06 19:44:58
SCN-6-00599,ORD-01046-T1,ORD-01046,EV-06,MAIN-1,2025-07-06 19:45:13
SCN-6-00600,ORD-01980-T2,ORD-01980,EV-06,MAIN-1,2025-07-06 19:45:13
SCN-6-00601,ORD-01807-T2,ORD-01807,EV-06,MAIN-1,2025-07-06 19:45:23
SCN-6-00602,ORD-03277-T1,ORD-03277,EV-06,MAIN-2,2025-07-06 19:45:26
SCN-6-00603,ORD-03478-T3,ORD-03478,EV-06,SIDE-A,2025-07-06 19:45:26
SCN-6-00604,ORD-03479-T1,ORD-03479,EV-06,MAIN-2,2025-07-06 19:45:27
SCN-6-00605,ORD-00515-T3,ORD-00515,EV-06,SIDE-A,2025-07-06 19:45:29
SCN-6-00606,ORD-03348-T4,ORD-03348,EV-06,SIDE-A,2025-07-06 19:45:31
SCN-6-00607,ORD-01379-T1,ORD-01379,EV-06,MAIN-2,2025-07-06 19:45:32
SCN-6-00608,ORD-03461-T3,ORD-03461,EV-06,MAIN-2,2025-07-06 19:45:34
SCN-6-00609,ORD-01933-T1,ORD-01933,EV-06,SIDE-A,2025-07-06 19:45:47
SCN-6-00610,ORD-03311-T2,ORD-03311,EV-06,MAIN-2,2025-07-06 19:45:53
SCN-6-00611,ORD-01433-T1,ORD-01433,EV-06,SIDE-A,2025-07-06 19:45:54
SCN-6-00612,ORD-01353-T1,ORD-01353,EV-06,MAIN-1,2025-07-06 19:45:58
SCN-6-00613,ORD-03102-T2,ORD-03102,EV-06,MAIN-2,2025-07-06 19:45:58
SCN-6-00614,ORD-00338-T4,ORD-00338,EV-06,MAIN-2,2025-07-06 19:46:00
SCN-6-00615,ORD-03416-T1,ORD-03416,EV-06,MAIN-1,2025-07-06 19:46:12
SCN-6-00616,ORD-01452-T4,ORD-01452,EV-06,MAIN-1,2025-07-06 19:46:13
SCN-6-00617,ORD-02834-T1,ORD-02834,EV-06,MAIN-2,2025-07-06 19:46:15
SCN-6-00618,ORD-01937-T2,ORD-01937,EV-06,MAIN-2,2025-07-06 19:46:22
SCN-6-00619,ORD-00665-T1,ORD-00665,EV-06,MAIN-2,2025-07-06 19:46:29
SCN-6-00620,ORD-02533-T3,ORD-02533,EV-06,MAIN-1,2025-07-06 19:46:32
SCN-6-00621,ORD-03375-T4,ORD-03375,EV-06,MAIN-2,2025-07-06 19:46:33
SCN-6-00622,ORD-00329-T4,ORD-00329,EV-06,MAIN-2,2025-07-06 19:46:37
SCN-6-00623,ORD-02417-T1,ORD-02417,EV-06,SIDE-A,2025-07-06 19:46:38
SCN-6-00624,ORD-01245-T1,ORD-01245,EV-06,MAIN-1,2025-07-06 19:46:46
SCN-6-00625,ORD-03316-T4,ORD-03316,EV-06,MAIN-2,2025-07-06 19:46:46
SCN-6-00626,ORD-03012-T1,ORD-03012,EV-06,SIDE-A,2025-07-06 19:46:55
SCN-6-00627,ORD-02363-T1,ORD-02363,EV-06,MAIN-2,2025-07-06 19:46:56
SCN-6-00628,ORD-03240-T2,ORD-03240,EV-06,SIDE-A,2025-07-06 19:46:58
SCN-6-00629,ORD-01101-T1,ORD-01101,EV-06,MAIN-1,2025-07-06 19:46:59
SCN-6-00630,ORD-03440-T2,ORD-03440,EV-06,MAIN-1,2025-07-06 19:46:59
SCN-6-00631,ORD-03346-T2,ORD-03346,EV-06,MAIN-1,2025-07-06 19:47:02
SCN-6-00632,ORD-00564-T5,ORD-00564,EV-06,MAIN-1,2025-07-06 19:47:03
SCN-6-00633,ORD-00515-T2,ORD-00515,EV-06,MAIN-2,2025-07-06 19:47:04
SCN-6-00634,ORD-00720-T1,ORD-00720,EV-06,SIDE-A,2025-07-06 19:47:04
SCN-6-00635,ORD-03067-T2,ORD-03067,EV-06,MAIN-1,2025-07-06 19:47:05
SCN-6-00636,ORD-01181-T2,ORD-01181,EV-06,MAIN-1,2025-07-06 19:47:11
SCN-6-00637,ORD-03277-T1,ORD-03277,EV-06,MAIN-1,2025-07-06 19:47:18
SCN-6-00638,ORD-03362-T1,ORD-03362,EV-06,MAIN-1,2025-07-06 19:47:18
SCN-6-00639,ORD-00554-T2,ORD-00554,EV-06,MAIN-1,2025-07-06 19:47:21
SCN-6-00640,ORD-02098-T2,ORD-02098,EV-06,MAIN-1,2025-07-06 19:47:26
SCN-6-00641,ORD-00444-T1,ORD-00444,EV-06,MAIN-1,2025-07-06 19:47:28
SCN-6-00642,ORD-01061-T2,ORD-01061,EV-06,SIDE-A,2025-07-06 19:47:29
SCN-6-00643,ORD-03382-T2,ORD-03382,EV-06,MAIN-2,2025-07-06 19:47:36
SCN-6-00644,ORD-02031-T3,ORD-02031,EV-06,MAIN-1,2025-07-06 19:47:40
SCN-6-00645,ORD-03370-T1,ORD-03370,EV-06,SIDE-A,2025-07-06 19:47:43
SCN-6-00646,ORD-02011-T1,ORD-02011,EV-06,MAIN-2,2025-07-06 19:47:48
SCN-6-00647,ORD-02740-T3,ORD-02740,EV-06,MAIN-1,2025-07-06 19:47:49
SCN-6-00648,ORD-03011-T2,ORD-03011,EV-06,MAIN-1,2025-07-06 19:48:04
SCN-6-00649,ORD-00341-T2,ORD-00341,EV-06,MAIN-1,2025-07-06 19:48:13
SCN-6-00650,ORD-01490-T2,ORD-01490,EV-06,MAIN-1,2025-07-06 19:48:18
SCN-6-00651,ORD-03384-T1,ORD-03384,EV-06,MAIN-1,2025-07-06 19:48:31
SCN-6-00652,ORD-01963-T1,ORD-01963,EV-06,MAIN-2,2025-07-06 19:48:33
SCN-6-00653,ORD-01159-T3,ORD-01159,EV-06,MAIN-1,2025-07-06 19:48:39
SCN-6-00654,ORD-01416-T1,ORD-01416,EV-06,MAIN-2,2025-07-06 19:48:42
SCN-6-00655,ORD-01061-T3,ORD-01061,EV-06,MAIN-1,2025-07-06 19:48:47
SCN-6-00656,ORD-01821-T3,ORD-01821,EV-06,MAIN-2,2025-07-06 19:48:47
SCN-6-00657,ORD-00120-T1,ORD-00120,EV-06,MAIN-1,2025-07-06 19:48:48
SCN-6-00658,ORD-03030-T1,ORD-03030,EV-06,MAIN-2,2025-07-06 19:49:01
SCN-6-00659,ORD-03272-T2,ORD-03272,EV-06,MAIN-1,2025-07-06 19:49:09
SCN-6-00660,ORD-00682-T3,ORD-00682,EV-06,MAIN-2,2025-07-06 19:49:10
SCN-6-00661,ORD-03370-T3,ORD-03370,EV-06,MAIN-2,2025-07-06 19:49:10
SCN-6-00662,ORD-01359-T2,ORD-01359,EV-06,MAIN-1,2025-07-06 19:49:14
SCN-6-00663,ORD-02568-T3,ORD-02568,EV-06,SIDE-A,2025-07-06 19:49:18
SCN-6-00664,ORD-03465-T1,ORD-03465,EV-06,MAIN-2,2025-07-06 19:49:18
SCN-6-00665,ORD-02913-T1,ORD-02913,EV-06,SIDE-A,2025-07-06 19:49:25
SCN-6-00666,ORD-01909-T1,ORD-01909,EV-06,SIDE-A,2025-07-06 19:49:30
SCN-6-00667,ORD-01100-T1,ORD-01100,EV-06,MAIN-1,2025-07-06 19:49:33
SCN-6-00668,ORD-03400-T2,ORD-03400,EV-06,MAIN-2,2025-07-06 19:49:36
SCN-6-00669,ORD-02106-T2,ORD-02106,EV-06,MAIN-2,2025-07-06 19:49:39
SCN-6-00670,ORD-01059-T1,ORD-01059,EV-06,MAIN-1,2025-07-06 19:49:43
SCN-6-00671,ORD-03088-T2,ORD-03088,EV-06,SIDE-A,2025-07-06 19:49:46
SCN-6-00672,ORD-00089-T3,ORD-00089,EV-06,MAIN-2,2025-07-06 19:49:48
SCN-6-00673,ORD-03432-T2,ORD-03432,EV-06,MAIN-2,2025-07-06 19:49:48
SCN-6-00674,ORD-01060-T5,ORD-01060,EV-06,SIDE-A,2025-07-06 19:49:49
SCN-6-00675,ORD-01928-T1,ORD-01928,EV-06,MAIN-2,2025-07-06 19:49:50
SCN-6-00676,ORD-03400-T6,ORD-03400,EV-06,MAIN-2,2025-07-06 19:49:53
SCN-6-00677,ORD-03361-T2,ORD-03361,EV-06,SIDE-A,2025-07-06 19:49:56
SCN-6-00678,ORD-02957-T3,ORD-02957,EV-06,MAIN-1,2025-07-06 19:50:01
SCN-6-00679,ORD-00760-T1,ORD-00760,EV-06,MAIN-1,2025-07-06 19:50:03
SCN-6-00680,ORD-00501-T1,ORD-00501,EV-06,MAIN-1,2025-07-06 19:50:07
SCN-6-00681,ORD-03433-T1,ORD-03433,EV-06,MAIN-2,2025-07-06 19:50:07
SCN-6-00682,ORD-03156-T1,ORD-03156,EV-06,MAIN-1,2025-07-06 19:50:26
SCN-6-00683,ORD-01304-T3,ORD-01304,EV-06,MAIN-1,2025-07-06 19:50:28
SCN-6-00684,ORD-03440-T1,ORD-03440,EV-06,MAIN-2,2025-07-06 19:50:29
SCN-6-00685,ORD-02185-T1,ORD-02185,EV-06,MAIN-2,2025-07-06 19:50:30
SCN-6-00686,ORD-01814-T2,ORD-01814,EV-06,MAIN-1,2025-07-06 19:50:40
SCN-6-00687,ORD-01157-T2,ORD-01157,EV-06,MAIN-2,2025-07-06 19:50:44
SCN-6-00688,ORD-03464-T1,ORD-03464,EV-06,MAIN-1,2025-07-06 19:50:45
SCN-6-00689,ORD-01181-T3,ORD-01181,EV-06,SIDE-A,2025-07-06 19:50:49
SCN-6-00690,ORD-02817-T2,ORD-02817,EV-06,MAIN-2,2025-07-06 19:50:49
SCN-6-00691,ORD-03449-T1,ORD-03449,EV-06,MAIN-1,2025-07-06 19:50:49
SCN-6-00692,ORD-01510-T5,ORD-01510,EV-06,MAIN-1,2025-07-06 19:50:57
SCN-6-00693,ORD-02592-T1,ORD-02592,EV-06,SIDE-A,2025-07-06 19:50:59
SCN-6-00694,ORD-01430-T5,ORD-01430,EV-06,MAIN-1,2025-07-06 19:51:00
SCN-6-00695,ORD-03351-T1,ORD-03351,EV-06,MAIN-1,2025-07-06 19:51:02
SCN-6-00696,ORD-00616-T1,ORD-00616,EV-06,MAIN-1,2025-07-06 19:51:05
SCN-6-00697,ORD-03429-T1,ORD-03429,EV-06,MAIN-1,2025-07-06 19:51:05
SCN-6-00698,ORD-03408-T2,ORD-03408,EV-06,SIDE-A,2025-07-06 19:51:08
SCN-6-00699,ORD-00865-T1,ORD-00865,EV-06,MAIN-1,2025-07-06 19:51:09
SCN-6-00700,ORD-02600-T3,ORD-02600,EV-06,SIDE-A,2025-07-06 19:51:14
SCN-6-00701,ORD-02994-T1,ORD-02994,EV-06,MAIN-2,2025-07-06 19:51:20
SCN-6-00702,ORD-00038-T2,ORD-00038,EV-06,MAIN-1,2025-07-06 19:51:37
SCN-6-00703,ORD-02915-T1,ORD-02915,EV-06,MAIN-1,2025-07-06 19:51:37
SCN-6-00704,ORD-00549-T2,ORD-00549,EV-06,MAIN-2,2025-07-06 19:51:41
SCN-6-00705,ORD-00926-T2,ORD-00926,EV-06,MAIN-2,2025-07-06 19:51:42
SCN-6-00706,ORD-02093-T1,ORD-02093,EV-06,MAIN-1,2025-07-06 19:51:47
SCN-6-00707,ORD-03399-T2,ORD-03399,EV-06,MAIN-1,2025-07-06 19:51:58
SCN-6-00708,ORD-03047-T1,ORD-03047,EV-06,MAIN-1,2025-07-06 19:52:02
SCN-6-00709,ORD-01035-T2,ORD-01035,EV-06,MAIN-2,2025-07-06 19:52:05
SCN-6-00710,ORD-03332-T2,ORD-03332,EV-06,MAIN-1,2025-07-06 19:52:07
SCN-6-00711,ORD-02693-T1,ORD-02693,EV-06,MAIN-2,2025-07-06 19:52:10
SCN-6-00712,ORD-03293-T1,ORD-03293,EV-06,SIDE-A,2025-07-06 19:52:14
SCN-6-00713,ORD-01454-T1,ORD-01454,EV-06,SIDE-A,2025-07-06 19:52:18
SCN-6-00714,ORD-00934-T1,ORD-00934,EV-06,MAIN-1,2025-07-06 19:52:25
SCN-6-00715,ORD-01415-T1,ORD-01415,EV-06,MAIN-2,2025-07-06 19:52:28
SCN-6-00716,ORD-03362-T2,ORD-03362,EV-06,MAIN-1,2025-07-06 19:52:31
SCN-6-00717,ORD-00401-T3,ORD-00401,EV-06,MAIN-2,2025-07-06 19:52:33
SCN-6-00718,ORD-01456-T1,ORD-01456,EV-06,MAIN-1,2025-07-06 19:52:35
SCN-6-00719,ORD-00655-T2,ORD-00655,EV-06,MAIN-1,2025-07-06 19:52:38
SCN-6-00720,ORD-03416-T4,ORD-03416,EV-06,MAIN-2,2025-07-06 19:52:40
SCN-6-00721,ORD-02939-T2,ORD-02939,EV-06,MAIN-2,2025-07-06 19:52:41
SCN-6-00722,ORD-02564-T1,ORD-02564,EV-06,MAIN-1,2025-07-06 19:52:43
SCN-6-00723,ORD-00373-T1,ORD-00373,EV-06,MAIN-1,2025-07-06 19:52:48
SCN-6-00724,ORD-00442-T1,ORD-00442,EV-06,MAIN-1,2025-07-06 19:52:48
SCN-6-00725,ORD-00850-T3,ORD-00850,EV-06,SIDE-A,2025-07-06 19:52:52
SCN-6-00726,ORD-02380-T2,ORD-02380,EV-06,SIDE-A,2025-07-06 19:52:52
SCN-6-00727,ORD-01246-T1,ORD-01246,EV-06,MAIN-1,2025-07-06 19:52:56
SCN-6-00728,ORD-01430-T4,ORD-01430,EV-06,MAIN-1,2025-07-06 19:52:56
SCN-6-00729,ORD-00437-T5,ORD-00437,EV-06,MAIN-1,2025-07-06 19:52:59
SCN-6-00730,ORD-01317-T2,ORD-01317,EV-06,MAIN-1,2025-07-06 19:53:00
SCN-6-00731,ORD-01766-T1,ORD-01766,EV-06,MAIN-1,2025-07-06 19:53:06
SCN-6-00732,ORD-00459-T1,ORD-00459,EV-06,MAIN-1,2025-07-06 19:53:09
SCN-6-00733,ORD-00712-T1,ORD-00712,EV-06,MAIN-1,2025-07-06 19:53:13
SCN-6-00734,ORD-00865-T1,ORD-00865,EV-06,MAIN-1,2025-07-06 19:53:17
SCN-6-00735,ORD-03048-T5,ORD-03048,EV-06,MAIN-1,2025-07-06 19:53:19
SCN-6-00736,ORD-00458-T1,ORD-00458,EV-06,SIDE-A,2025-07-06 19:53:31
SCN-6-00737,ORD-00375-T1,ORD-00375,EV-06,MAIN-1,2025-07-06 19:53:32
SCN-6-00738,ORD-01269-T3,ORD-01269,EV-06,MAIN-1,2025-07-06 19:53:38
SCN-6-00739,ORD-00223-T1,ORD-00223,EV-06,MAIN-2,2025-07-06 19:53:39
SCN-6-00740,ORD-03048-T2,ORD-03048,EV-06,MAIN-2,2025-07-06 19:53:39
SCN-6-00741,ORD-03348-T3,ORD-03348,EV-06,MAIN-1,2025-07-06 19:53:41
SCN-6-00742,ORD-03261-T2,ORD-03261,EV-06,MAIN-1,2025-07-06 19:53:47
SCN-6-00743,ORD-02022-T2,ORD-02022,EV-06,SIDE-A,2025-07-06 19:53:53
SCN-6-00744,ORD-03088-T1,ORD-03088,EV-06,MAIN-1,2025-07-06 19:54:00
SCN-6-00745,ORD-01371-T1,ORD-01371,EV-06,MAIN-2,2025-07-06 19:54:03
SCN-6-00746,ORD-02296-T2,ORD-02296,EV-06,MAIN-2,2025-07-06 19:54:16
SCN-6-00747,ORD-02838-T1,ORD-02838,EV-06,MAIN-1,2025-07-06 19:54:18
SCN-6-00748,ORD-03409-T1,ORD-03409,EV-06,MAIN-1,2025-07-06 19:54:21
SCN-6-00749,ORD-03088-T5,ORD-03088,EV-06,MAIN-2,2025-07-06 19:54:29
SCN-6-00750,ORD-01371-T3,ORD-01371,EV-06,MAIN-1,2025-07-06 19:54:31
SCN-6-00751,ORD-00266-T1,ORD-00266,EV-06,MAIN-1,2025-07-06 19:54:33
SCN-6-00752,ORD-00314-T5,ORD-00314,EV-06,MAIN-1,2025-07-06 19:54:35
SCN-6-00753,ORD-00524-T1,ORD-00524,EV-06,MAIN-1,2025-07-06 19:54:37
SCN-6-00754,ORD-02689-T5,ORD-02689,EV-06,MAIN-1,2025-07-06 19:54:37
SCN-6-00755,ORD-03471-T1,ORD-03471,EV-06,MAIN-2,2025-07-06 19:54:56
SCN-6-00756,ORD-02062-T3,ORD-02062,EV-06,SIDE-A,2025-07-06 19:55:05
SCN-6-00757,ORD-01557-T1,ORD-01557,EV-06,MAIN-1,2025-07-06 19:55:23
SCN-6-00758,ORD-02518-T4,ORD-02518,EV-06,MAIN-1,2025-07-06 19:55:23
SCN-6-00759,ORD-00389-T2,ORD-00389,EV-06,MAIN-1,2025-07-06 19:55:25
SCN-6-00760,ORD-00191-T1,ORD-00191,EV-06,SIDE-A,2025-07-06 19:55:35
SCN-6-00761,ORD-03289-T3,ORD-03289,EV-06,MAIN-1,2025-07-06 19:55:47
SCN-6-00762,ORD-03461-T2,ORD-03461,EV-06,MAIN-2,2025-07-06 19:55:48
SCN-6-00763,ORD-01452-T6,ORD-01452,EV-06,MAIN-2,2025-07-06 19:55:52
SCN-6-00764,ORD-01012-T4,ORD-01012,EV-06,SIDE-A,2025-07-06 19:56:02
SCN-6-00765,ORD-02693-T2,ORD-02693,EV-06,MAIN-2,2025-07-06 19:56:09
SCN-6-00766,ORD-03289-T5,ORD-03289,EV-06,MAIN-1,2025-07-06 19:56:16
SCN-6-00767,ORD-02971-T1,ORD-02971,EV-06,SIDE-A,2025-07-06 19:56:24
SCN-6-00768,ORD-02260-T1,ORD-02260,EV-06,MAIN-2,2025-07-06 19:56:27
SCN-6-00769,ORD-03487-T1,ORD-03487,EV-06,MAIN-1,2025-07-06 19:56:30
SCN-6-00770,ORD-02090-T1,ORD-02090,EV-06,MAIN-2,2025-07-06 19:56:36
SCN-6-00771,ORD-02022-T4,ORD-02022,EV-06,MAIN-2,2025-07-06 19:56:37
SCN-6-00772,ORD-02600-T2,ORD-02600,EV-06,MAIN-1,2025-07-06 19:56:47
SCN-6-00773,ORD-00735-T2,ORD-00735,EV-06,SIDE-A,2025-07-06 19:57:01
SCN-6-00774,ORD-03337-T1,ORD-03337,EV-06,SIDE-A,2025-07-06 19:57:09
SCN-6-00775,ORD-00038-T1,ORD-00038,EV-06,SIDE-A,2025-07-06 19:57:10
SCN-6-00776,ORD-01993-T2,ORD-01993,EV-06,MAIN-2,2025-07-06 19:57:10
SCN-6-00777,ORD-03416-T2,ORD-03416,EV-06,MAIN-1,2025-07-06 19:57:24
SCN-6-00778,ORD-00196-T1,ORD-00196,EV-06,MAIN-2,2025-07-06 19:57:46
SCN-6-00779,ORD-02564-T2,ORD-02564,EV-06,SIDE-A,2025-07-06 19:57:46
SCN-6-00780,ORD-01164-T1,ORD-01164,EV-06,MAIN-2,2025-07-06 19:57:47
SCN-6-00781,ORD-02003-T1,ORD-02003,EV-06,MAIN-1,2025-07-06 19:57:49
SCN-6-00782,ORD-03288-T2,ORD-03288,EV-06,MAIN-1,2025-07-06 19:57:54
SCN-6-00783,ORD-00329-T3,ORD-00329,EV-06,MAIN-2,2025-07-06 19:58:00
SCN-6-00784,ORD-00832-T2,ORD-00832,EV-06,MAIN-1,2025-07-06 19:58:03
SCN-6-00785,ORD-01179-T1,ORD-01179,EV-06,MAIN-2,2025-07-06 19:58:10
SCN-6-00786,ORD-00184-T2,ORD-00184,EV-06,MAIN-1,2025-07-06 19:58:11
SCN-6-00787,ORD-01856-T1,ORD-01856,EV-06,MAIN-2,2025-07-06 19:58:22
SCN-6-00788,ORD-01422-T1,ORD-01422,EV-06,MAIN-1,2025-07-06 19:58:26
SCN-6-00789,ORD-02533-T2,ORD-02533,EV-06,MAIN-2,2025-07-06 19:58:54
SCN-6-00790,ORD-00120-T2,ORD-00120,EV-06,MAIN-1,2025-07-06 19:58:55
SCN-6-00791,ORD-03346-T1,ORD-03346,EV-06,SIDE-A,2025-07-06 19:59:02
SCN-6-00792,ORD-00478-T1,ORD-00478,EV-06,MAIN-1,2025-07-06 19:59:07
SCN-6-00793,ORD-00581-T3,ORD-00581,EV-06,MAIN-2,2025-07-06 19:59:11
SCN-6-00794,ORD-03288-T6,ORD-03288,EV-06,MAIN-1,2025-07-06 19:59:11
SCN-6-00795,ORD-02494-T4,ORD-02494,EV-06,MAIN-1,2025-07-06 19:59:19
SCN-6-00796,ORD-03348-T5,ORD-03348,EV-06,SIDE-A,2025-07-06 19:59:22
SCN-6-00797,ORD-02829-T1,ORD-02829,EV-06,MAIN-1,2025-07-06 19:59:24
SCN-6-00798,ORD-01633-T1,ORD-01633,EV-06,MAIN-1,2025-07-06 19:59:25
SCN-6-00799,ORD-01179-T1,ORD-01179,EV-06,SIDE-A,2025-07-06 19:59:42
SCN-6-00800,ORD-03261-T4,ORD-03261,EV-06,MAIN-1,2025-07-06 19:59:55
SCN-6-00801,ORD-02518-T2,ORD-02518,EV-06,SIDE-A,2025-07-06 19:59:56
SCN-6-00802,ORD-03348-T6,ORD-03348,EV-06,SIDE-A,2025-07-06 19:59:56
SCN-6-00803,ORD-03288-T2,ORD-03288,EV-06,MAIN-1,2025-07-06 20:00:00
SCN-6-00804,ORD-03374-T1,ORD-03374,EV-06,SIDE-A,2025-07-06 20:00:03
SCN-6-00805,ORD-01359-T4,ORD-01359,EV-06,SIDE-A,2025-07-06 20:00:13
SCN-6-00806,ORD-01430-T1,ORD-01430,EV-06,MAIN-2,2025-07-06 20:00:16
SCN-6-00807,ORD-00569-T1,ORD-00569,EV-06,MAIN-2,2025-07-06 20:00:20
SCN-6-00808,ORD-00671-T2,ORD-00671,EV-06,SIDE-A,2025-07-06 20:00:27
SCN-6-00809,ORD-01997-T1,ORD-01997,EV-06,MAIN-1,2025-07-06 20:00:47
SCN-6-00810,ORD-03374-T2,ORD-03374,EV-06,MAIN-2,2025-07-06 20:00:55
SCN-6-00811,ORD-01359-T5,ORD-01359,EV-06,MAIN-1,2025-07-06 20:01:02
SCN-6-00812,ORD-01661-T2,ORD-01661,EV-06,MAIN-2,2025-07-06 20:01:03
SCN-6-00813,ORD-02721-T3,ORD-02721,EV-06,MAIN-1,2025-07-06 20:01:03
SCN-6-00814,ORD-01634-T1,ORD-01634,EV-06,MAIN-2,2025-07-06 20:01:09
SCN-6-00815,ORD-00564-T2,ORD-00564,EV-06,SIDE-A,2025-07-06 20:01:18
SCN-6-00816,ORD-03478-T1,ORD-03478,EV-06,SIDE-A,2025-07-06 20:01:19
SCN-6-00817,ORD-02855-T1,ORD-02855,EV-06,MAIN-2,2025-07-06 20:01:35
SCN-6-00818,ORD-00080-T1,ORD-00080,EV-06,SIDE-A,2025-07-06 20:01:40
SCN-6-00819,ORD-01443-T2,ORD-01443,EV-06,MAIN-1,2025-07-06 20:01:44
SCN-6-00820,ORD-01907-T2,ORD-01907,EV-06,MAIN-2,2025-07-06 20:02:01
SCN-6-00821,ORD-02957-T1,ORD-02957,EV-06,SIDE-A,2025-07-06 20:02:13
SCN-6-00822,ORD-03185-T1,ORD-03185,EV-06,MAIN-2,2025-07-06 20:02:16
SCN-6-00823,ORD-01934-T1,ORD-01934,EV-06,MAIN-2,2025-07-06 20:02:35
SCN-6-00824,ORD-02470-T1,ORD-02470,EV-06,MAIN-2,2025-07-06 20:02:42
SCN-6-00825,ORD-00728-T1,ORD-00728,EV-06,MAIN-2,2025-07-06 20:02:51
SCN-6-00826,ORD-01583-T2,ORD-01583,EV-06,MAIN-2,2025-07-06 20:03:17
SCN-6-00827,ORD-03415-T2,ORD-03415,EV-06,MAIN-1,2025-07-06 20:03:52
SCN-6-00828,ORD-01633-T2,ORD-01633,EV-06,MAIN-2,2025-07-06 20:03:55
SCN-6-00829,ORD-03288-T5,ORD-03288,EV-06,MAIN-2,2025-07-06 20:03:58
SCN-6-00830,ORD-02740-T1,ORD-02740,EV-06,MAIN-1,2025-07-06 20:04:00
SCN-6-00831,ORD-03261-T1,ORD-03261,EV-06,SIDE-A,2025-07-06 20:04:01
SCN-6-00832,ORD-01168-T2,ORD-01168,EV-06,MAIN-1,2025-07-06 20:04:22
SCN-6-00833,ORD-03027-T1,ORD-03027,EV-06,MAIN-1,2025-07-06 20:04:29
SCN-6-00834,ORD-03149-T1,ORD-03149,EV-06,MAIN-2,2025-07-06 20:04:35
SCN-6-00835,ORD-02031-T4,ORD-02031,EV-06,MAIN-1,2025-07-06 20:04:43
SCN-6-00836,ORD-03400-T5,ORD-03400,EV-06,MAIN-1,2025-07-06 20:04:53
SCN-6-00837,ORD-02673-T1,ORD-02673,EV-06,MAIN-1,2025-07-06 20:04:56
SCN-6-00838,ORD-00388-T2,ORD-00388,EV-06,SIDE-A,2025-07-06 20:04:59
SCN-6-00839,ORD-02890-T1,ORD-02890,EV-06,MAIN-2,2025-07-06 20:05:07
SCN-6-00840,ORD-01418-T1,ORD-01418,EV-06,MAIN-2,2025-07-06 20:05:44
SCN-6-00841,ORD-01670-T1,ORD-01670,EV-06,SIDE-A,2025-07-06 20:05:48
SCN-6-00842,ORD-00046-T1,ORD-00046,EV-06,MAIN-1,2025-07-06 20:05:50
SCN-6-00843,ORD-01814-T1,ORD-01814,EV-06,MAIN-2,2025-07-06 20:06:02
SCN-6-00844,ORD-02799-T1,ORD-02799,EV-06,MAIN-1,2025-07-06 20:06:44
SCN-6-00845,ORD-00184-T3,ORD-00184,EV-06,MAIN-1,2025-07-06 20:06:54
SCN-6-00846,ORD-01544-T3,ORD-01544,EV-06,SIDE-A,2025-07-06 20:06:58
SCN-6-00847,ORD-00364-T6,ORD-00364,EV-06,MAIN-2,2025-07-06 20:07:15
SCN-6-00848,ORD-03163-T1,ORD-03163,EV-06,MAIN-1,2025-07-06 20:07:33
SCN-6-00849,ORD-02283-T2,ORD-02283,EV-06,MAIN-1,2025-07-06 20:08:23
SCN-6-00850,ORD-02036-T2,ORD-02036,EV-06,SIDE-A,2025-07-06 20:08:28
SCN-6-00851,ORD-01331-T3,ORD-01331,EV-06,MAIN-2,2025-07-06 20:09:26
SCN-6-00852,ORD-02798-T2,ORD-02798,EV-06,MAIN-2,2025-07-06 20:10:11
SCN-6-00853,ORD-00329-T2,ORD-00329,EV-06,MAIN-1,2025-07-06 20:10:19
SCN-6-00854,ORD-02150-T1,ORD-02150,EV-06,SIDE-A,2025-07-06 20:10:23
SCN-6-00855,ORD-01012-T2,ORD-01012,EV-06,MAIN-1,2025-07-06 20:10:39
SCN-6-00856,ORD-03288-T3,ORD-03288,EV-06,MAIN-2,2025-07-06 20:12:15
SCN-6-00857,ORD-01157-T1,ORD-01157,EV-06,MAIN-1,2025-07-06 20:12:17
SCN-6-00858,ORD-02901-T2,ORD-02901,EV-06,SIDE-A,2025-07-06 20:12:18
SCN-6-00859,ORD-00521-T2,ORD-00521,EV-06,MAIN-2,2025-07-06 20:12:19
SCN-6-00860,ORD-00787-T2,ORD-00787,EV-06,MAIN-2,2025-07-06 20:12:43
SCN-6-00861,ORD-01085-T2,ORD-01085,EV-06,MAIN-1,2025-07-06 20:14:13
SCN-6-00862,ORD-01035-T3,ORD-01035,EV-06,MAIN-2,2025-07-06 20:14:29
SCN-6-00863,ORD-01287-T2,ORD-01287,EV-06,MAIN-1,2025-07-06 20:14:34
SCN-6-00864,ORD-00423-T2,ORD-00423,EV-06,MAIN-1,2025-07-06 20:14:58
SCN-6-00865,ORD-03348-T2,ORD-03348,EV-06,MAIN-2,2025-07-06 20:15:07
SCN-6-00866,ORD-02401-T3,ORD-02401,EV-06,MAIN-2,2025-07-06 20:15:11
SCN-6-00867,ORD-02693-T3,ORD-02693,EV-06,MAIN-1,2025-07-06 20:16:27
SCN-6-00868,ORD-01670-T2,ORD-01670,EV-06,MAIN-1,2025-07-06 20:16:31
SCN-6-00869,ORD-03266-T2,ORD-03266,EV-06,MAIN-2,2025-07-06 20:17:03
SCN-6-00870,ORD-02951-T1,ORD-02951,EV-06,MAIN-2,2025-07-06 20:17:35
SCN-6-00871,ORD-02722-T1,ORD-02722,EV-06,MAIN-1,2025-07-06 20:18:48
SCN-6-00872,ORD-00338-T2,ORD-00338,EV-06,MAIN-1,2025-07-06 20:19:03
SCN-6-00873,ORD-00794-T2,ORD-00794,EV-06,MAIN-1,2025-07-06 20:20:03
SCN-6-00874,ORD-03286-T1,ORD-03286,EV-06,MAIN-1,2025-07-06 20:20:22
SCN-6-00875,ORD-02186-T1,ORD-02186,EV-06,SIDE-A,2025-07-06 20:20:28
SCN-6-00876,ORD-03254-T1,ORD-03254,EV-06,MAIN-2,2025-07-06 20:20:49
SCN-6-00877,ORD-01101-T5,ORD-01101,EV-06,MAIN-2,2025-07-06 20:21:34
SCN-6-00878,ORD-00314-T6,ORD-00314,EV-06,SIDE-A,2025-07-06 20:21:41
SCN-6-00879,ORD-00660-T1,ORD-00660,EV-06,MAIN-2,2025-07-06 20:23:41
